"postal","nuts3_code","nuts2_code","nuts1_code"
"AB10","UKM50","UKM5","UKM"
"AB11","UKM50","UKM5","UKM"
"AB12","UKM50","UKM5","UKM"
"AB13","UKM50","UKM5","UKM"
"AB14","UKM50","UKM5","UKM"
"AB15","UKM50","UKM5","UKM"
"AB16","UKM50","UKM5","UKM"
"AB21","UKM50","UKM5","UKM"
"AB22","UKM50","UKM5","UKM"
"AB23","UKM50","UKM5","UKM"
"AB24","UKM50","UKM5","UKM"
"AB25","UKM50","UKM5","UKM"
"AB30","UKM50","UKM5","UKM"
"AB31","UKM50","UKM5","UKM"
"AB32","UKM50","UKM5","UKM"
"AB33","UKM50","UKM5","UKM"
"AB34","UKM50","UKM5","UKM"
"AB35","UKM50","UKM5","UKM"
"AB36","UKM50","UKM5","UKM"
"AB37","UKM62","UKM6","UKM"
"AB38","UKM62","UKM6","UKM"
"AB39","UKM50","UKM5","UKM"
"AB41","UKM50","UKM5","UKM"
"AB42","UKM50","UKM5","UKM"
"AB43","UKM50","UKM5","UKM"
"AB44","UKM50","UKM5","UKM"
"AB45","UKM50","UKM5","UKM"
"AB51","UKM50","UKM5","UKM"
"AB52","UKM50","UKM5","UKM"
"AB53","UKM50","UKM5","UKM"
"AB54","UKM50","UKM5","UKM"
"AB55","UKM62","UKM6","UKM"
"AB56","UKM62","UKM6","UKM"
"AB99","UKM50","UKM5","UKM"
"AL1","UKH23","UKH2","UKH"
"AL10","UKH23","UKH2","UKH"
"AL2","UKH23","UKH2","UKH"
"AL3","UKH23","UKH2","UKH"
"AL4","UKH23","UKH2","UKH"
"AL5","UKH23","UKH2","UKH"
"AL6","UKH23","UKH2","UKH"
"AL7","UKH23","UKH2","UKH"
"AL8","UKH23","UKH2","UKH"
"AL9","UKH23","UKH2","UKH"
"B1","UKG31","UKG3","UKG"
"B10","UKG31","UKG3","UKG"
"B11","UKG31","UKG3","UKG"
"B12","UKG31","UKG3","UKG"
"B13","UKG31","UKG3","UKG"
"B14","UKG31","UKG3","UKG"
"B15","UKG31","UKG3","UKG"
"B16","UKG31","UKG3","UKG"
"B17","UKG31","UKG3","UKG"
"B18","UKG31","UKG3","UKG"
"B19","UKG31","UKG3","UKG"
"B2","UKG31","UKG3","UKG"
"B20","UKG31","UKG3","UKG"
"B21","UKG31","UKG3","UKG"
"B23","UKG31","UKG3","UKG"
"B24","UKG31","UKG3","UKG"
"B25","UKG31","UKG3","UKG"
"B26","UKG31","UKG3","UKG"
"B27","UKG31","UKG3","UKG"
"B28","UKG31","UKG3","UKG"
"B29","UKG31","UKG3","UKG"
"B3","UKG31","UKG3","UKG"
"B30","UKG31","UKG3","UKG"
"B31","UKG31","UKG3","UKG"
"B32","UKG31","UKG3","UKG"
"B33","UKG31","UKG3","UKG"
"B34","UKG31","UKG3","UKG"
"B35","UKG31","UKG3","UKG"
"B36","UKG31","UKG3","UKG"
"B37","UKG32","UKG3","UKG"
"B38","UKG31","UKG3","UKG"
"B4","UKG31","UKG3","UKG"
"B40","UKG32","UKG3","UKG"
"B42","UKG31","UKG3","UKG"
"B43","UKG37","UKG3","UKG"
"B44","UKG31","UKG3","UKG"
"B45","UKG31","UKG3","UKG"
"B46","UKG13","UKG1","UKG"
"B47","UKG12","UKG1","UKG"
"B48","UKG12","UKG1","UKG"
"B49","UKG13","UKG1","UKG"
"B5","UKG31","UKG3","UKG"
"B50","UKG13","UKG1","UKG"
"B6","UKG31","UKG3","UKG"
"B60","UKG12","UKG1","UKG"
"B61","UKG12","UKG1","UKG"
"B62","UKG36","UKG3","UKG"
"B63","UKG36","UKG3","UKG"
"B64","UKG37","UKG3","UKG"
"B65","UKG37","UKG3","UKG"
"B66","UKG37","UKG3","UKG"
"B67","UKG37","UKG3","UKG"
"B68","UKG37","UKG3","UKG"
"B69","UKG37","UKG3","UKG"
"B7","UKG31","UKG3","UKG"
"B70","UKG37","UKG3","UKG"
"B71","UKG37","UKG3","UKG"
"B72","UKG31","UKG3","UKG"
"B73","UKG31","UKG3","UKG"
"B74","UKG31","UKG3","UKG"
"B75","UKG31","UKG3","UKG"
"B76","UKG31","UKG3","UKG"
"B77","UKG24","UKG2","UKG"
"B78","UKG13","UKG1","UKG"
"B79","UKG24","UKG2","UKG"
"B8","UKG31","UKG3","UKG"
"B80","UKG13","UKG1","UKG"
"B9","UKG31","UKG3","UKG"
"B90","UKG32","UKG3","UKG"
"B91","UKG32","UKG3","UKG"
"B92","UKG32","UKG3","UKG"
"B93","UKG32","UKG3","UKG"
"B94","UKG13","UKG1","UKG"
"B95","UKG13","UKG1","UKG"
"B96","UKG12","UKG1","UKG"
"B97","UKG12","UKG1","UKG"
"B98","UKG12","UKG1","UKG"
"B99","UKG31","UKG3","UKG"
"BA1","UKK12","UKK1","UKK"
"BA10","UKK23","UKK2","UKK"
"BA11","UKK23","UKK2","UKK"
"BA12","UKK15","UKK1","UKK"
"BA13","UKK15","UKK1","UKK"
"BA14","UKK15","UKK1","UKK"
"BA15","UKK15","UKK1","UKK"
"BA16","UKK23","UKK2","UKK"
"BA2","UKK12","UKK1","UKK"
"BA20","UKK23","UKK2","UKK"
"BA21","UKK23","UKK2","UKK"
"BA22","UKK23","UKK2","UKK"
"BA3","UKK23","UKK2","UKK"
"BA4","UKK23","UKK2","UKK"
"BA5","UKK23","UKK2","UKK"
"BA6","UKK23","UKK2","UKK"
"BA7","UKK23","UKK2","UKK"
"BA8","UKK23","UKK2","UKK"
"BA9","UKK23","UKK2","UKK"
"BB1","UKD41","UKD4","UKD"
"BB10","UKD46","UKD4","UKD"
"BB11","UKD46","UKD4","UKD"
"BB12","UKD46","UKD4","UKD"
"BB18","UKD46","UKD4","UKD"
"BB2","UKD41","UKD4","UKD"
"BB3","UKD41","UKD4","UKD"
"BB4","UKD46","UKD4","UKD"
"BB5","UKD46","UKD4","UKD"
"BB6","UKD46","UKD4","UKD"
"BB7","UKD45","UKD4","UKD"
"BB8","UKD46","UKD4","UKD"
"BB9","UKD46","UKD4","UKD"
"BB94","UKD46","UKD4","UKD"
"BD1","UKE41","UKE4","UKE"
"BD10","UKE41","UKE4","UKE"
"BD11","UKE42","UKE4","UKE"
"BD12","UKE41","UKE4","UKE"
"BD13","UKE41","UKE4","UKE"
"BD14","UKE41","UKE4","UKE"
"BD15","UKE41","UKE4","UKE"
"BD16","UKE41","UKE4","UKE"
"BD17","UKE41","UKE4","UKE"
"BD18","UKE41","UKE4","UKE"
"BD19","UKE44","UKE4","UKE"
"BD2","UKE41","UKE4","UKE"
"BD20","UKE41","UKE4","UKE"
"BD21","UKE41","UKE4","UKE"
"BD22","UKE41","UKE4","UKE"
"BD23","UKE22","UKE2","UKE"
"BD24","UKE22","UKE2","UKE"
"BD3","UKE41","UKE4","UKE"
"BD4","UKE41","UKE4","UKE"
"BD5","UKE41","UKE4","UKE"
"BD6","UKE41","UKE4","UKE"
"BD7","UKE41","UKE4","UKE"
"BD8","UKE41","UKE4","UKE"
"BD9","UKE41","UKE4","UKE"
"BD97","UKE41","UKE4","UKE"
"BD98","UKE41","UKE4","UKE"
"BD99","UKE41","UKE4","UKE"
"BH1","UKK21","UKK2","UKK"
"BH10","UKK21","UKK2","UKK"
"BH11","UKK21","UKK2","UKK"
"BH12","UKK21","UKK2","UKK"
"BH13","UKK21","UKK2","UKK"
"BH14","UKK21","UKK2","UKK"
"BH15","UKK21","UKK2","UKK"
"BH16","UKK22","UKK2","UKK"
"BH17","UKK21","UKK2","UKK"
"BH18","UKK21","UKK2","UKK"
"BH19","UKK22","UKK2","UKK"
"BH2","UKK21","UKK2","UKK"
"BH20","UKK22","UKK2","UKK"
"BH21","UKK21","UKK2","UKK"
"BH22","UKK22","UKK2","UKK"
"BH23","UKJ36","UKJ3","UKJ"
"BH24","UKJ36","UKJ3","UKJ"
"BH25","UKJ36","UKJ3","UKJ"
"BH3","UKK21","UKK2","UKK"
"BH31","UKK22","UKK2","UKK"
"BH4","UKK21","UKK2","UKK"
"BH5","UKK21","UKK2","UKK"
"BH6","UKK21","UKK2","UKK"
"BH7","UKK21","UKK2","UKK"
"BH8","UKK21","UKK2","UKK"
"BH9","UKK21","UKK2","UKK"
"BL0","UKD37","UKD3","UKD"
"BL1","UKD36","UKD3","UKD"
"BL11","UKD36","UKD3","UKD"
"BL2","UKD36","UKD3","UKD"
"BL3","UKD36","UKD3","UKD"
"BL4","UKD36","UKD3","UKD"
"BL5","UKD36","UKD3","UKD"
"BL6","UKD36","UKD3","UKD"
"BL7","UKD41","UKD4","UKD"
"BL78","UKD36","UKD3","UKD"
"BL8","UKD37","UKD3","UKD"
"BL9","UKD37","UKD3","UKD"
"BN1","UKJ21","UKJ2","UKJ"
"BN10","UKJ22","UKJ2","UKJ"
"BN11","UKJ27","UKJ2","UKJ"
"BN12","UKJ27","UKJ2","UKJ"
"BN13","UKJ27","UKJ2","UKJ"
"BN14","UKJ27","UKJ2","UKJ"
"BN15","UKJ27","UKJ2","UKJ"
"BN16","UKJ27","UKJ2","UKJ"
"BN17","UKJ27","UKJ2","UKJ"
"BN18","UKJ27","UKJ2","UKJ"
"BN2","UKJ21","UKJ2","UKJ"
"BN20","UKJ22","UKJ2","UKJ"
"BN21","UKJ22","UKJ2","UKJ"
"BN22","UKJ22","UKJ2","UKJ"
"BN23","UKJ22","UKJ2","UKJ"
"BN24","UKJ22","UKJ2","UKJ"
"BN25","UKJ22","UKJ2","UKJ"
"BN26","UKJ22","UKJ2","UKJ"
"BN27","UKJ22","UKJ2","UKJ"
"BN3","UKJ21","UKJ2","UKJ"
"BN41","UKJ21","UKJ2","UKJ"
"BN42","UKJ27","UKJ2","UKJ"
"BN43","UKJ27","UKJ2","UKJ"
"BN44","UKJ28","UKJ2","UKJ"
"BN45","UKJ28","UKJ2","UKJ"
"BN5","UKJ28","UKJ2","UKJ"
"BN50","UKJ21","UKJ2","UKJ"
"BN51","UKJ21","UKJ2","UKJ"
"BN52","UKJ21","UKJ2","UKJ"
"BN6","UKJ28","UKJ2","UKJ"
"BN7","UKJ22","UKJ2","UKJ"
"BN8","UKJ22","UKJ2","UKJ"
"BN88","UKJ21","UKJ2","UKJ"
"BN9","UKJ22","UKJ2","UKJ"
"BN91","UKK30","UKK3","UKK"
"BN99","UKJ27","UKJ2","UKJ"
"BR1","UKI44","UKI4","UKI"
"BR2","UKI61","UKI6","UKI"
"BR3","UKI61","UKI6","UKI"
"BR4","UKI61","UKI6","UKI"
"BR5","UKI61","UKI6","UKI"
"BR6","UKI61","UKI6","UKI"
"BR7","UKI61","UKI6","UKI"
"BR8","UKI61","UKI6","UKI"
"BS0","UKK12","UKK1","UKK"
"BS1","UKK11","UKK1","UKK"
"BS10","UKK11","UKK1","UKK"
"BS11","UKK11","UKK1","UKK"
"BS13","UKK11","UKK1","UKK"
"BS14","UKK11","UKK1","UKK"
"BS15","UKK11","UKK1","UKK"
"BS16","UKK11","UKK1","UKK"
"BS2","UKK11","UKK1","UKK"
"BS20","UKK12","UKK1","UKK"
"BS21","UKK12","UKK1","UKK"
"BS22","UKK12","UKK1","UKK"
"BS23","UKK12","UKK1","UKK"
"BS24","UKK12","UKK1","UKK"
"BS25","UKK12","UKK1","UKK"
"BS26","UKK23","UKK2","UKK"
"BS27","UKK23","UKK2","UKK"
"BS28","UKK23","UKK2","UKK"
"BS29","UKK12","UKK1","UKK"
"BS3","UKK11","UKK1","UKK"
"BS30","UKK12","UKK1","UKK"
"BS31","UKK12","UKK1","UKK"
"BS32","UKK12","UKK1","UKK"
"BS34","UKK12","UKK1","UKK"
"BS35","UKK12","UKK1","UKK"
"BS36","UKK12","UKK1","UKK"
"BS37","UKK12","UKK1","UKK"
"BS39","UKK12","UKK1","UKK"
"BS4","UKK11","UKK1","UKK"
"BS40","UKK12","UKK1","UKK"
"BS41","UKK12","UKK1","UKK"
"BS48","UKK12","UKK1","UKK"
"BS49","UKK12","UKK1","UKK"
"BS5","UKK11","UKK1","UKK"
"BS6","UKK11","UKK1","UKK"
"BS7","UKK11","UKK1","UKK"
"BS8","UKK11","UKK1","UKK"
"BS9","UKK11","UKK1","UKK"
"BS98","UKK11","UKK1","UKK"
"BS99","UKK11","UKK1","UKK"
"BT1","UKN01","UKN0","UKN"
"BT10","UKN01","UKN0","UKN"
"BT11","UKN01","UKN0","UKN"
"BT12","UKN01","UKN0","UKN"
"BT13","UKN01","UKN0","UKN"
"BT14","UKN01","UKN0","UKN"
"BT15","UKN01","UKN0","UKN"
"BT16","UKN02","UKN0","UKN"
"BT17","UKN02","UKN0","UKN"
"BT18","UKN02","UKN0","UKN"
"BT19","UKN02","UKN0","UKN"
"BT2","UKN01","UKN0","UKN"
"BT20","UKN02","UKN0","UKN"
"BT21","UKN03","UKN0","UKN"
"BT22","UKN03","UKN0","UKN"
"BT23","UKN03","UKN0","UKN"
"BT24","UKN03","UKN0","UKN"
"BT25","UKN03","UKN0","UKN"
"BT26","UKN02","UKN0","UKN"
"BT27","UKN02","UKN0","UKN"
"BT28","UKN02","UKN0","UKN"
"BT29","UKN03","UKN0","UKN"
"BT3","UKN01","UKN0","UKN"
"BT30","UKN03","UKN0","UKN"
"BT31","UKN03","UKN0","UKN"
"BT32","UKN03","UKN0","UKN"
"BT33","UKN03","UKN0","UKN"
"BT34","UKN03","UKN0","UKN"
"BT35","UKN05","UKN0","UKN"
"BT36","UKN02","UKN0","UKN"
"BT37","UKN02","UKN0","UKN"
"BT38","UKN02","UKN0","UKN"
"BT39","UKN03","UKN0","UKN"
"BT4","UKN01","UKN0","UKN"
"BT40","UKN03","UKN0","UKN"
"BT41","UKN03","UKN0","UKN"
"BT42","UKN03","UKN0","UKN"
"BT43","UKN03","UKN0","UKN"
"BT44","UKN03","UKN0","UKN"
"BT45","UKN05","UKN0","UKN"
"BT46","UKN05","UKN0","UKN"
"BT47","UKN05","UKN0","UKN"
"BT48","UKN04","UKN0","UKN"
"BT49","UKN04","UKN0","UKN"
"BT5","UKN02","UKN0","UKN"
"BT51","UKN04","UKN0","UKN"
"BT52","UKN04","UKN0","UKN"
"BT53","UKN04","UKN0","UKN"
"BT54","UKN04","UKN0","UKN"
"BT55","UKN04","UKN0","UKN"
"BT56","UKN04","UKN0","UKN"
"BT57","UKN04","UKN0","UKN"
"BT58","UKN04","UKN0","UKN"
"BT6","UKN02","UKN0","UKN"
"BT60","UKN05","UKN0","UKN"
"BT61","UKN05","UKN0","UKN"
"BT62","UKN03","UKN0","UKN"
"BT63","UKN03","UKN0","UKN"
"BT64","UKN03","UKN0","UKN"
"BT65","UKN03","UKN0","UKN"
"BT66","UKN03","UKN0","UKN"
"BT67","UKN03","UKN0","UKN"
"BT68","UKN05","UKN0","UKN"
"BT69","UKN05","UKN0","UKN"
"BT7","UKN01","UKN0","UKN"
"BT70","UKN05","UKN0","UKN"
"BT71","UKN05","UKN0","UKN"
"BT74","UKN05","UKN0","UKN"
"BT75","UKN05","UKN0","UKN"
"BT76","UKN05","UKN0","UKN"
"BT77","UKN05","UKN0","UKN"
"BT78","UKN05","UKN0","UKN"
"BT79","UKN05","UKN0","UKN"
"BT8","UKN02","UKN0","UKN"
"BT80","UKN05","UKN0","UKN"
"BT81","UKN05","UKN0","UKN"
"BT82","UKN04","UKN0","UKN"
"BT9","UKN01","UKN0","UKN"
"BT92","UKN05","UKN0","UKN"
"BT93","UKN05","UKN0","UKN"
"BT94","UKN05","UKN0","UKN"
"CA1","UKD12","UKD1","UKD"
"CA10","UKD12","UKD1","UKD"
"CA11","UKD12","UKD1","UKD"
"CA12","UKD11","UKD1","UKD"
"CA13","UKD11","UKD1","UKD"
"CA14","UKD11","UKD1","UKD"
"CA15","UKD11","UKD1","UKD"
"CA16","UKD12","UKD1","UKD"
"CA17","UKD12","UKD1","UKD"
"CA18","UKD11","UKD1","UKD"
"CA19","UKD11","UKD1","UKD"
"CA2","UKD12","UKD1","UKD"
"CA20","UKD11","UKD1","UKD"
"CA21","UKD11","UKD1","UKD"
"CA22","UKD11","UKD1","UKD"
"CA23","UKD11","UKD1","UKD"
"CA24","UKD11","UKD1","UKD"
"CA25","UKD11","UKD1","UKD"
"CA26","UKD11","UKD1","UKD"
"CA27","UKD11","UKD1","UKD"
"CA28","UKD11","UKD1","UKD"
"CA3","UKD12","UKD1","UKD"
"CA4","UKD12","UKD1","UKD"
"CA5","UKD12","UKD1","UKD"
"CA6","UKD12","UKD1","UKD"
"CA7","UKD11","UKD1","UKD"
"CA8","UKD12","UKD1","UKD"
"CA9","UKD12","UKD1","UKD"
"CA95","UKD11","UKD1","UKD"
"CA99","UKD12","UKD1","UKD"
"CB1","UKH12","UKH1","UKH"
"CB10","UKH35","UKH3","UKH"
"CB11","UKH35","UKH3","UKH"
"CB2","UKH12","UKH1","UKH"
"CB21","UKH12","UKH1","UKH"
"CB22","UKH12","UKH1","UKH"
"CB23","UKH12","UKH1","UKH"
"CB24","UKH12","UKH1","UKH"
"CB25","UKH12","UKH1","UKH"
"CB3","UKH12","UKH1","UKH"
"CB4","UKH12","UKH1","UKH"
"CB5","UKH12","UKH1","UKH"
"CB6","UKH12","UKH1","UKH"
"CB7","UKH12","UKH1","UKH"
"CB8","UKH12","UKH1","UKH"
"CB9","UKH14","UKH1","UKH"
"CF10","UKL22","UKL2","UKL"
"CF11","UKL22","UKL2","UKL"
"CF14","UKL22","UKL2","UKL"
"CF15","UKL22","UKL2","UKL"
"CF23","UKL22","UKL2","UKL"
"CF24","UKL22","UKL2","UKL"
"CF3","UKL22","UKL2","UKL"
"CF30","UKL22","UKL2","UKL"
"CF31","UKL17","UKL1","UKL"
"CF32","UKL17","UKL1","UKL"
"CF33","UKL17","UKL1","UKL"
"CF34","UKL17","UKL1","UKL"
"CF35","UKL22","UKL2","UKL"
"CF36","UKL17","UKL1","UKL"
"CF37","UKL15","UKL1","UKL"
"CF38","UKL15","UKL1","UKL"
"CF39","UKL15","UKL1","UKL"
"CF40","UKL15","UKL1","UKL"
"CF41","UKL15","UKL1","UKL"
"CF42","UKL15","UKL1","UKL"
"CF43","UKL15","UKL1","UKL"
"CF44","UKL15","UKL1","UKL"
"CF45","UKL15","UKL1","UKL"
"CF46","UKL15","UKL1","UKL"
"CF47","UKL15","UKL1","UKL"
"CF48","UKL15","UKL1","UKL"
"CF5","UKL22","UKL2","UKL"
"CF61","UKL22","UKL2","UKL"
"CF62","UKL22","UKL2","UKL"
"CF63","UKL22","UKL2","UKL"
"CF64","UKL22","UKL2","UKL"
"CF71","UKL22","UKL2","UKL"
"CF72","UKL15","UKL1","UKL"
"CF81","UKL16","UKL1","UKL"
"CF82","UKL16","UKL1","UKL"
"CF83","UKL16","UKL1","UKL"
"CF91","UKL22","UKL2","UKL"
"CF95","UKL22","UKL2","UKL"
"CF99","UKL22","UKL2","UKL"
"CH1","UKD63","UKD6","UKD"
"CH2","UKD63","UKD6","UKD"
"CH25","UKD74","UKD7","UKD"
"CH26","UKD74","UKD7","UKD"
"CH27","UKD74","UKD7","UKD"
"CH28","UKD74","UKD7","UKD"
"CH29","UKD74","UKD7","UKD"
"CH3","UKD63","UKD6","UKD"
"CH30","UKD74","UKD7","UKD"
"CH31","UKD74","UKD7","UKD"
"CH32","UKD74","UKD7","UKD"
"CH33","UKD63","UKD6","UKD"
"CH34","UKD63","UKD6","UKD"
"CH4","UKD63","UKD6","UKD"
"CH41","UKD74","UKD7","UKD"
"CH42","UKD74","UKD7","UKD"
"CH43","UKD74","UKD7","UKD"
"CH44","UKD74","UKD7","UKD"
"CH45","UKD74","UKD7","UKD"
"CH46","UKD74","UKD7","UKD"
"CH47","UKD74","UKD7","UKD"
"CH48","UKD74","UKD7","UKD"
"CH49","UKD74","UKD7","UKD"
"CH5","UKL23","UKL2","UKL"
"CH6","UKL23","UKL2","UKL"
"CH60","UKD74","UKD7","UKD"
"CH61","UKD74","UKD7","UKD"
"CH62","UKD74","UKD7","UKD"
"CH63","UKD74","UKD7","UKD"
"CH64","UKD63","UKD6","UKD"
"CH65","UKD63","UKD6","UKD"
"CH66","UKD63","UKD6","UKD"
"CH7","UKL23","UKL2","UKL"
"CH70","UKD63","UKD6","UKD"
"CH8","UKL23","UKL2","UKL"
"CH88","UKD63","UKD6","UKD"
"CH99","UKD63","UKD6","UKD"
"CM0","UKH36","UKH3","UKH"
"CM1","UKH36","UKH3","UKH"
"CM11","UKH37","UKH3","UKH"
"CM12","UKH37","UKH3","UKH"
"CM13","UKH36","UKH3","UKH"
"CM14","UKH36","UKH3","UKH"
"CM15","UKH36","UKH3","UKH"
"CM16","UKH35","UKH3","UKH"
"CM17","UKH35","UKH3","UKH"
"CM18","UKH35","UKH3","UKH"
"CM19","UKH35","UKH3","UKH"
"CM2","UKH36","UKH3","UKH"
"CM20","UKH23","UKH2","UKH"
"CM21","UKH23","UKH2","UKH"
"CM22","UKH35","UKH3","UKH"
"CM23","UKH23","UKH2","UKH"
"CM24","UKH35","UKH3","UKH"
"CM3","UKH36","UKH3","UKH"
"CM4","UKH36","UKH3","UKH"
"CM5","UKH35","UKH3","UKH"
"CM6","UKH35","UKH3","UKH"
"CM7","UKH34","UKH3","UKH"
"CM77","UKH34","UKH3","UKH"
"CM8","UKH34","UKH3","UKH"
"CM9","UKH36","UKH3","UKH"
"CM92","UKH35","UKH3","UKH"
"CM98","UKH36","UKH3","UKH"
"CM99","UKH36","UKH3","UKH"
"CO1","UKH34","UKH3","UKH"
"CO10","UKH14","UKH1","UKH"
"CO11","UKH34","UKH3","UKH"
"CO12","UKH34","UKH3","UKH"
"CO13","UKH34","UKH3","UKH"
"CO14","UKH34","UKH3","UKH"
"CO15","UKH34","UKH3","UKH"
"CO16","UKH34","UKH3","UKH"
"CO2","UKH34","UKH3","UKH"
"CO3","UKH34","UKH3","UKH"
"CO4","UKH34","UKH3","UKH"
"CO5","UKH34","UKH3","UKH"
"CO6","UKH34","UKH3","UKH"
"CO7","UKH34","UKH3","UKH"
"CO8","UKH34","UKH3","UKH"
"CO9","UKH34","UKH3","UKH"
"CR0","UKI62","UKI6","UKI"
"CR2","UKI62","UKI6","UKI"
"CR3","UKJ26","UKJ2","UKJ"
"CR4","UKI63","UKI6","UKI"
"CR44","UKI63","UKI6","UKI"
"CR5","UKI62","UKI6","UKI"
"CR6","UKJ26","UKJ2","UKJ"
"CR7","UKI62","UKI6","UKI"
"CR8","UKI62","UKI6","UKI"
"CR9","UKI62","UKI6","UKI"
"CR90","UKI62","UKI6","UKI"
"CT1","UKJ44","UKJ4","UKJ"
"CT10","UKJ44","UKJ4","UKJ"
"CT11","UKJ44","UKJ4","UKJ"
"CT12","UKJ44","UKJ4","UKJ"
"CT13","UKJ44","UKJ4","UKJ"
"CT14","UKJ44","UKJ4","UKJ"
"CT15","UKJ44","UKJ4","UKJ"
"CT16","UKJ44","UKJ4","UKJ"
"CT17","UKJ44","UKJ4","UKJ"
"CT18","UKJ44","UKJ4","UKJ"
"CT19","UKJ44","UKJ4","UKJ"
"CT2","UKJ44","UKJ4","UKJ"
"CT20","UKJ44","UKJ4","UKJ"
"CT21","UKJ44","UKJ4","UKJ"
"CT3","UKJ44","UKJ4","UKJ"
"CT4","UKJ44","UKJ4","UKJ"
"CT5","UKJ44","UKJ4","UKJ"
"CT50","UKJ44","UKJ4","UKJ"
"CT6","UKJ44","UKJ4","UKJ"
"CT7","UKJ44","UKJ4","UKJ"
"CT8","UKJ44","UKJ4","UKJ"
"CT9","UKJ44","UKJ4","UKJ"
"CV1","UKG33","UKG3","UKG"
"CV10","UKG13","UKG1","UKG"
"CV11","UKG13","UKG1","UKG"
"CV12","UKG13","UKG1","UKG"
"CV13","UKF22","UKF2","UKF"
"CV2","UKG33","UKG3","UKG"
"CV21","UKG13","UKG1","UKG"
"CV22","UKG13","UKG1","UKG"
"CV23","UKG13","UKG1","UKG"
"CV3","UKG33","UKG3","UKG"
"CV31","UKG13","UKG1","UKG"
"CV32","UKG13","UKG1","UKG"
"CV33","UKG13","UKG1","UKG"
"CV34","UKG13","UKG1","UKG"
"CV35","UKG13","UKG1","UKG"
"CV36","UKG13","UKG1","UKG"
"CV37","UKG13","UKG1","UKG"
"CV4","UKG33","UKG3","UKG"
"CV47","UKG13","UKG1","UKG"
"CV5","UKG33","UKG3","UKG"
"CV6","UKG33","UKG3","UKG"
"CV7","UKG32","UKG3","UKG"
"CV8","UKG13","UKG1","UKG"
"CV9","UKG13","UKG1","UKG"
"CW1","UKD62","UKD6","UKD"
"CW10","UKD63","UKD6","UKD"
"CW11","UKD62","UKD6","UKD"
"CW12","UKD62","UKD6","UKD"
"CW2","UKD62","UKD6","UKD"
"CW3","UKD62","UKD6","UKD"
"CW4","UKD62","UKD6","UKD"
"CW5","UKD62","UKD6","UKD"
"CW6","UKD63","UKD6","UKD"
"CW7","UKD63","UKD6","UKD"
"CW8","UKD63","UKD6","UKD"
"CW9","UKD63","UKD6","UKD"
"CW98","UKD62","UKD6","UKD"
"DA1","UKI51","UKI5","UKI"
"DA10","UKJ43","UKJ4","UKJ"
"DA11","UKJ43","UKJ4","UKJ"
"DA12","UKJ43","UKJ4","UKJ"
"DA13","UKJ43","UKJ4","UKJ"
"DA14","UKI51","UKI5","UKI"
"DA15","UKI51","UKI5","UKI"
"DA16","UKI51","UKI5","UKI"
"DA17","UKI51","UKI5","UKI"
"DA18","UKI51","UKI5","UKI"
"DA2","UKJ43","UKJ4","UKJ"
"DA3","UKJ46","UKJ4","UKJ"
"DA4","UKJ46","UKJ4","UKJ"
"DA5","UKI51","UKI5","UKI"
"DA6","UKI51","UKI5","UKI"
"DA7","UKI51","UKI5","UKI"
"DA8","UKI51","UKI5","UKI"
"DA9","UKJ43","UKJ4","UKJ"
"DD1","UKM21","UKM2","UKM"
"DD10","UKM21","UKM2","UKM"
"DD11","UKM21","UKM2","UKM"
"DD2","UKM21","UKM2","UKM"
"DD3","UKM21","UKM2","UKM"
"DD4","UKM21","UKM2","UKM"
"DD5","UKM21","UKM2","UKM"
"DD6","UKM22","UKM2","UKM"
"DD7","UKM21","UKM2","UKM"
"DD8","UKM21","UKM2","UKM"
"DD9","UKM21","UKM2","UKM"
"DE1","UKF11","UKF1","UKF"
"DE11","UKF13","UKF1","UKF"
"DE12","UKF22","UKF2","UKF"
"DE13","UKG24","UKG2","UKG"
"DE14","UKG24","UKG2","UKG"
"DE15","UKF13","UKF1","UKF"
"DE21","UKF11","UKF1","UKF"
"DE22","UKF11","UKF1","UKF"
"DE23","UKF11","UKF1","UKF"
"DE24","UKF11","UKF1","UKF"
"DE3","UKF11","UKF1","UKF"
"DE4","UKF13","UKF1","UKF"
"DE45","UKF13","UKF1","UKF"
"DE5","UKF13","UKF1","UKF"
"DE55","UKF12","UKF1","UKF"
"DE56","UKF13","UKF1","UKF"
"DE6","UKF13","UKF1","UKF"
"DE65","UKF13","UKF1","UKF"
"DE7","UKF13","UKF1","UKF"
"DE72","UKF13","UKF1","UKF"
"DE73","UKF11","UKF1","UKF"
"DE74","UKF22","UKF2","UKF"
"DE75","UKF13","UKF1","UKF"
"DE99","UKF11","UKF1","UKF"
"DG1","UKM32","UKM3","UKM"
"DG10","UKM32","UKM3","UKM"
"DG11","UKM32","UKM3","UKM"
"DG12","UKM32","UKM3","UKM"
"DG13","UKM32","UKM3","UKM"
"DG14","UKM32","UKM3","UKM"
"DG16","UKM32","UKM3","UKM"
"DG2","UKM32","UKM3","UKM"
"DG3","UKM32","UKM3","UKM"
"DG4","UKM32","UKM3","UKM"
"DG5","UKM32","UKM3","UKM"
"DG6","UKM32","UKM3","UKM"
"DG7","UKM32","UKM3","UKM"
"DG8","UKM32","UKM3","UKM"
"DG9","UKM32","UKM3","UKM"
"DH1","UKC14","UKC1","UKC"
"DH2","UKC14","UKC1","UKC"
"DH3","UKC22","UKC2","UKC"
"DH4","UKC23","UKC2","UKC"
"DH5","UKC23","UKC2","UKC"
"DH6","UKC14","UKC1","UKC"
"DH7","UKC14","UKC1","UKC"
"DH8","UKC14","UKC1","UKC"
"DH9","UKC14","UKC1","UKC"
"DH97","UKC14","UKC1","UKC"
"DH98","UKC22","UKC2","UKC"
"DH99","UKC14","UKC1","UKC"
"DL1","UKC13","UKC1","UKC"
"DL10","UKE22","UKE2","UKE"
"DL11","UKE22","UKE2","UKE"
"DL12","UKC14","UKC1","UKC"
"DL13","UKC14","UKC1","UKC"
"DL14","UKC14","UKC1","UKC"
"DL15","UKC14","UKC1","UKC"
"DL16","UKC14","UKC1","UKC"
"DL17","UKC14","UKC1","UKC"
"DL2","UKC13","UKC1","UKC"
"DL3","UKC13","UKC1","UKC"
"DL4","UKC14","UKC1","UKC"
"DL5","UKC14","UKC1","UKC"
"DL6","UKE22","UKE2","UKE"
"DL7","UKE22","UKE2","UKE"
"DL8","UKE22","UKE2","UKE"
"DL9","UKE22","UKE2","UKE"
"DL98","UKC13","UKC1","UKC"
"DN1","UKE31","UKE3","UKE"
"DN10","UKF15","UKF1","UKF"
"DN11","UKE31","UKE3","UKE"
"DN12","UKE31","UKE3","UKE"
"DN14","UKE12","UKE1","UKE"
"DN15","UKE13","UKE1","UKE"
"DN16","UKE13","UKE1","UKE"
"DN17","UKE13","UKE1","UKE"
"DN18","UKE13","UKE1","UKE"
"DN19","UKE13","UKE1","UKE"
"DN2","UKE31","UKE3","UKE"
"DN20","UKE13","UKE1","UKE"
"DN21","UKF30","UKF3","UKF"
"DN22","UKF15","UKF1","UKF"
"DN3","UKE31","UKE3","UKE"
"DN31","UKE13","UKE1","UKE"
"DN32","UKE13","UKE1","UKE"
"DN33","UKE13","UKE1","UKE"
"DN34","UKE13","UKE1","UKE"
"DN35","UKE13","UKE1","UKE"
"DN36","UKF30","UKF3","UKF"
"DN37","UKE13","UKE1","UKE"
"DN38","UKE13","UKE1","UKE"
"DN39","UKE13","UKE1","UKE"
"DN4","UKE31","UKE3","UKE"
"DN40","UKE13","UKE1","UKE"
"DN41","UKE13","UKE1","UKE"
"DN5","UKE31","UKE3","UKE"
"DN55","UKE31","UKE3","UKE"
"DN6","UKE31","UKE3","UKE"
"DN7","UKE31","UKE3","UKE"
"DN8","UKE31","UKE3","UKE"
"DN9","UKE13","UKE1","UKE"
"DT1","UKK22","UKK2","UKK"
"DT10","UKK22","UKK2","UKK"
"DT11","UKK22","UKK2","UKK"
"DT2","UKK22","UKK2","UKK"
"DT3","UKK22","UKK2","UKK"
"DT4","UKK22","UKK2","UKK"
"DT5","UKK22","UKK2","UKK"
"DT6","UKK22","UKK2","UKK"
"DT7","UKK43","UKK4","UKK"
"DT8","UKK22","UKK2","UKK"
"DT9","UKK22","UKK2","UKK"
"DY1","UKG36","UKG3","UKG"
"DY10","UKG12","UKG1","UKG"
"DY11","UKG12","UKG1","UKG"
"DY12","UKG12","UKG1","UKG"
"DY13","UKG12","UKG1","UKG"
"DY14","UKG12","UKG1","UKG"
"DY2","UKG36","UKG3","UKG"
"DY3","UKG36","UKG3","UKG"
"DY4","UKG37","UKG3","UKG"
"DY5","UKG36","UKG3","UKG"
"DY6","UKG36","UKG3","UKG"
"DY7","UKG24","UKG2","UKG"
"DY8","UKG36","UKG3","UKG"
"DY9","UKG36","UKG3","UKG"
"E1","UKI42","UKI4","UKI"
"E10","UKI53","UKI5","UKI"
"E11","UKI53","UKI5","UKI"
"E12","UKI41","UKI4","UKI"
"E13","UKI41","UKI4","UKI"
"E14","UKI42","UKI4","UKI"
"E15","UKI41","UKI4","UKI"
"E16","UKI41","UKI4","UKI"
"E17","UKI53","UKI5","UKI"
"E18","UKI53","UKI5","UKI"
"E1W","UKI42","UKI4","UKI"
"E2","UKI42","UKI4","UKI"
"E20","UKI41","UKI4","UKI"
"E3","UKI42","UKI4","UKI"
"E4","UKI53","UKI5","UKI"
"E5","UKI41","UKI4","UKI"
"E6","UKI41","UKI4","UKI"
"E7","UKI41","UKI4","UKI"
"E8","UKI41","UKI4","UKI"
"E9","UKI41","UKI4","UKI"
"E98","UKI42","UKI4","UKI"
"EC1A","UKI31","UKI3","UKI"
"EC1M","UKI43","UKI4","UKI"
"EC1N","UKI31","UKI3","UKI"
"EC1P","UKI43","UKI4","UKI"
"EC1R","UKI43","UKI4","UKI"
"EC1V","UKI43","UKI4","UKI"
"EC1Y","UKI43","UKI4","UKI"
"EC2A","UKI41","UKI4","UKI"
"EC2M","UKI31","UKI3","UKI"
"EC2N","UKI31","UKI3","UKI"
"EC2P","UKI31","UKI3","UKI"
"EC2R","UKI31","UKI3","UKI"
"EC2V","UKI31","UKI3","UKI"
"EC2Y","UKI31","UKI3","UKI"
"EC3A","UKI31","UKI3","UKI"
"EC3M","UKI31","UKI3","UKI"
"EC3N","UKI31","UKI3","UKI"
"EC3P","UKI43","UKI4","UKI"
"EC3R","UKI31","UKI3","UKI"
"EC3V","UKI31","UKI3","UKI"
"EC4A","UKI31","UKI3","UKI"
"EC4M","UKI31","UKI3","UKI"
"EC4N","UKI31","UKI3","UKI"
"EC4P","UKI43","UKI4","UKI"
"EC4R","UKI31","UKI3","UKI"
"EC4V","UKI31","UKI3","UKI"
"EC4Y","UKI31","UKI3","UKI"
"EH1","UKM25","UKM2","UKM"
"EH10","UKM25","UKM2","UKM"
"EH11","UKM25","UKM2","UKM"
"EH12","UKM25","UKM2","UKM"
"EH13","UKM25","UKM2","UKM"
"EH14","UKM25","UKM2","UKM"
"EH15","UKM25","UKM2","UKM"
"EH16","UKM25","UKM2","UKM"
"EH17","UKM25","UKM2","UKM"
"EH18","UKM25","UKM2","UKM"
"EH19","UKM23","UKM2","UKM"
"EH2","UKM25","UKM2","UKM"
"EH20","UKM23","UKM2","UKM"
"EH21","UKM23","UKM2","UKM"
"EH22","UKM23","UKM2","UKM"
"EH23","UKM23","UKM2","UKM"
"EH24","UKM23","UKM2","UKM"
"EH25","UKM23","UKM2","UKM"
"EH26","UKM23","UKM2","UKM"
"EH27","UKM25","UKM2","UKM"
"EH28","UKM25","UKM2","UKM"
"EH29","UKM25","UKM2","UKM"
"EH3","UKM25","UKM2","UKM"
"EH30","UKM25","UKM2","UKM"
"EH31","UKM23","UKM2","UKM"
"EH32","UKM23","UKM2","UKM"
"EH33","UKM23","UKM2","UKM"
"EH34","UKM23","UKM2","UKM"
"EH35","UKM23","UKM2","UKM"
"EH36","UKM23","UKM2","UKM"
"EH37","UKM23","UKM2","UKM"
"EH38","UKM24","UKM2","UKM"
"EH39","UKM23","UKM2","UKM"
"EH4","UKM25","UKM2","UKM"
"EH40","UKM23","UKM2","UKM"
"EH41","UKM23","UKM2","UKM"
"EH42","UKM23","UKM2","UKM"
"EH43","UKM24","UKM2","UKM"
"EH44","UKM24","UKM2","UKM"
"EH45","UKM24","UKM2","UKM"
"EH46","UKM24","UKM2","UKM"
"EH47","UKM28","UKM2","UKM"
"EH48","UKM28","UKM2","UKM"
"EH49","UKM28","UKM2","UKM"
"EH5","UKM25","UKM2","UKM"
"EH51","UKM26","UKM2","UKM"
"EH52","UKM28","UKM2","UKM"
"EH53","UKM28","UKM2","UKM"
"EH54","UKM28","UKM2","UKM"
"EH55","UKM28","UKM2","UKM"
"EH6","UKM25","UKM2","UKM"
"EH7","UKM25","UKM2","UKM"
"EH8","UKM25","UKM2","UKM"
"EH9","UKM25","UKM2","UKM"
"EH91","UKM25","UKM2","UKM"
"EH95","UKM25","UKM2","UKM"
"EH99","UKM25","UKM2","UKM"
"EN1","UKI54","UKI5","UKI"
"EN10","UKH23","UKH2","UKH"
"EN11","UKH23","UKH2","UKH"
"EN2","UKI54","UKI5","UKI"
"EN3","UKI54","UKI5","UKI"
"EN4","UKI54","UKI5","UKI"
"EN5","UKI71","UKI7","UKI"
"EN6","UKH23","UKH2","UKH"
"EN7","UKH23","UKH2","UKH"
"EN77","UKK30","UKK3","UKK"
"EN8","UKH23","UKH2","UKH"
"EN9","UKH35","UKH3","UKH"
"EX1","UKK43","UKK4","UKK"
"EX10","UKK43","UKK4","UKK"
"EX11","UKK43","UKK4","UKK"
"EX12","UKK43","UKK4","UKK"
"EX13","UKK43","UKK4","UKK"
"EX14","UKK43","UKK4","UKK"
"EX15","UKK43","UKK4","UKK"
"EX16","UKK43","UKK4","UKK"
"EX17","UKK43","UKK4","UKK"
"EX18","UKK43","UKK4","UKK"
"EX19","UKK43","UKK4","UKK"
"EX2","UKK43","UKK4","UKK"
"EX20","UKK43","UKK4","UKK"
"EX21","UKK43","UKK4","UKK"
"EX22","UKK43","UKK4","UKK"
"EX23","UKK30","UKK3","UKK"
"EX24","UKK43","UKK4","UKK"
"EX3","UKK43","UKK4","UKK"
"EX31","UKK43","UKK4","UKK"
"EX32","UKK43","UKK4","UKK"
"EX33","UKK43","UKK4","UKK"
"EX34","UKK43","UKK4","UKK"
"EX35","UKK43","UKK4","UKK"
"EX36","UKK43","UKK4","UKK"
"EX37","UKK43","UKK4","UKK"
"EX38","UKK43","UKK4","UKK"
"EX39","UKK43","UKK4","UKK"
"EX4","UKK43","UKK4","UKK"
"EX5","UKK43","UKK4","UKK"
"EX6","UKK43","UKK4","UKK"
"EX7","UKK43","UKK4","UKK"
"EX8","UKK43","UKK4","UKK"
"EX9","UKK43","UKK4","UKK"
"FK1","UKM26","UKM2","UKM"
"FK10","UKM22","UKM2","UKM"
"FK11","UKM22","UKM2","UKM"
"FK12","UKM22","UKM2","UKM"
"FK13","UKM22","UKM2","UKM"
"FK14","UKM22","UKM2","UKM"
"FK15","UKM27","UKM2","UKM"
"FK16","UKM27","UKM2","UKM"
"FK17","UKM27","UKM2","UKM"
"FK18","UKM27","UKM2","UKM"
"FK19","UKM27","UKM2","UKM"
"FK2","UKM26","UKM2","UKM"
"FK20","UKM27","UKM2","UKM"
"FK21","UKM27","UKM2","UKM"
"FK3","UKM26","UKM2","UKM"
"FK4","UKM26","UKM2","UKM"
"FK5","UKM26","UKM2","UKM"
"FK6","UKM26","UKM2","UKM"
"FK7","UKM27","UKM2","UKM"
"FK8","UKM27","UKM2","UKM"
"FK9","UKM27","UKM2","UKM"
"FY0","UKD45","UKD4","UKD"
"FY1","UKD42","UKD4","UKD"
"FY2","UKD42","UKD4","UKD"
"FY3","UKD42","UKD4","UKD"
"FY4","UKD42","UKD4","UKD"
"FY5","UKD42","UKD4","UKD"
"FY6","UKD44","UKD4","UKD"
"FY7","UKD44","UKD4","UKD"
"FY8","UKD45","UKD4","UKD"
"G1","UKM34","UKM3","UKM"
"G11","UKM34","UKM3","UKM"
"G12","UKM34","UKM3","UKM"
"G13","UKM34","UKM3","UKM"
"G14","UKM34","UKM3","UKM"
"G15","UKM34","UKM3","UKM"
"G2","UKM34","UKM3","UKM"
"G20","UKM34","UKM3","UKM"
"G21","UKM34","UKM3","UKM"
"G22","UKM34","UKM3","UKM"
"G23","UKM34","UKM3","UKM"
"G3","UKM34","UKM3","UKM"
"G31","UKM34","UKM3","UKM"
"G32","UKM34","UKM3","UKM"
"G33","UKM34","UKM3","UKM"
"G34","UKM34","UKM3","UKM"
"G4","UKM34","UKM3","UKM"
"G40","UKM34","UKM3","UKM"
"G41","UKM34","UKM3","UKM"
"G42","UKM34","UKM3","UKM"
"G43","UKM34","UKM3","UKM"
"G44","UKM34","UKM3","UKM"
"G45","UKM34","UKM3","UKM"
"G46","UKM34","UKM3","UKM"
"G5","UKM34","UKM3","UKM"
"G51","UKM34","UKM3","UKM"
"G52","UKM34","UKM3","UKM"
"G53","UKM34","UKM3","UKM"
"G58","UKM34","UKM3","UKM"
"G60","UKM31","UKM3","UKM"
"G61","UKM31","UKM3","UKM"
"G62","UKM31","UKM3","UKM"
"G63","UKM31","UKM3","UKM"
"G64","UKM31","UKM3","UKM"
"G65","UKM36","UKM3","UKM"
"G66","UKM31","UKM3","UKM"
"G67","UKM36","UKM3","UKM"
"G68","UKM36","UKM3","UKM"
"G69","UKM34","UKM3","UKM"
"G70","UKM36","UKM3","UKM"
"G71","UKM34","UKM3","UKM"
"G72","UKM38","UKM3","UKM"
"G73","UKM38","UKM3","UKM"
"G74","UKM38","UKM3","UKM"
"G75","UKM38","UKM3","UKM"
"G76","UKM35","UKM3","UKM"
"G77","UKM35","UKM3","UKM"
"G78","UKM35","UKM3","UKM"
"G79","UKM38","UKM3","UKM"
"G81","UKM31","UKM3","UKM"
"G82","UKM31","UKM3","UKM"
"G83","UKM31","UKM3","UKM"
"G84","UKM63","UKM6","UKM"
"G9","UKM34","UKM3","UKM"
"G90","UKM34","UKM3","UKM"
"GL1","UKK13","UKK1","UKK"
"GL10","UKK13","UKK1","UKK"
"GL11","UKK13","UKK1","UKK"
"GL12","UKK12","UKK1","UKK"
"GL13","UKK13","UKK1","UKK"
"GL14","UKK13","UKK1","UKK"
"GL15","UKK13","UKK1","UKK"
"GL16","UKK13","UKK1","UKK"
"GL17","UKK13","UKK1","UKK"
"GL18","UKK13","UKK1","UKK"
"GL19","UKK13","UKK1","UKK"
"GL2","UKK13","UKK1","UKK"
"GL20","UKG12","UKG1","UKG"
"GL3","UKK13","UKK1","UKK"
"GL4","UKK13","UKK1","UKK"
"GL5","UKK13","UKK1","UKK"
"GL50","UKK13","UKK1","UKK"
"GL51","UKK13","UKK1","UKK"
"GL52","UKK13","UKK1","UKK"
"GL53","UKK13","UKK1","UKK"
"GL54","UKK13","UKK1","UKK"
"GL55","UKK13","UKK1","UKK"
"GL56","UKK13","UKK1","UKK"
"GL6","UKK13","UKK1","UKK"
"GL7","UKK13","UKK1","UKK"
"GL8","UKK13","UKK1","UKK"
"GL9","UKK12","UKK1","UKK"
"GU1","UKJ25","UKJ2","UKJ"
"GU10","UKJ25","UKJ2","UKJ"
"GU11","UKJ37","UKJ3","UKJ"
"GU12","UKJ25","UKJ2","UKJ"
"GU14","UKJ37","UKJ3","UKJ"
"GU15","UKJ25","UKJ2","UKJ"
"GU16","UKJ25","UKJ2","UKJ"
"GU17","UKJ37","UKJ3","UKJ"
"GU18","UKJ25","UKJ2","UKJ"
"GU19","UKJ25","UKJ2","UKJ"
"GU2","UKJ25","UKJ2","UKJ"
"GU20","UKJ25","UKJ2","UKJ"
"GU21","UKJ25","UKJ2","UKJ"
"GU22","UKJ25","UKJ2","UKJ"
"GU23","UKJ25","UKJ2","UKJ"
"GU24","UKJ25","UKJ2","UKJ"
"GU25","UKJ25","UKJ2","UKJ"
"GU26","UKJ25","UKJ2","UKJ"
"GU27","UKJ25","UKJ2","UKJ"
"GU28","UKJ27","UKJ2","UKJ"
"GU29","UKJ27","UKJ2","UKJ"
"GU3","UKJ25","UKJ2","UKJ"
"GU30","UKJ27","UKJ2","UKJ"
"GU31","UKJ27","UKJ2","UKJ"
"GU32","UKJ36","UKJ3","UKJ"
"GU33","UKJ36","UKJ3","UKJ"
"GU34","UKJ36","UKJ3","UKJ"
"GU35","UKJ36","UKJ3","UKJ"
"GU4","UKJ25","UKJ2","UKJ"
"GU46","UKJ37","UKJ3","UKJ"
"GU47","UKJ11","UKJ1","UKJ"
"GU5","UKJ25","UKJ2","UKJ"
"GU51","UKJ37","UKJ3","UKJ"
"GU52","UKJ37","UKJ3","UKJ"
"GU6","UKJ25","UKJ2","UKJ"
"GU7","UKJ25","UKJ2","UKJ"
"GU8","UKJ25","UKJ2","UKJ"
"GU9","UKJ25","UKJ2","UKJ"
"GU95","UKJ25","UKJ2","UKJ"
"HA0","UKI72","UKI7","UKI"
"HA1","UKI74","UKI7","UKI"
"HA2","UKI74","UKI7","UKI"
"HA3","UKI74","UKI7","UKI"
"HA4","UKI74","UKI7","UKI"
"HA5","UKI74","UKI7","UKI"
"HA6","UKI74","UKI7","UKI"
"HA7","UKI74","UKI7","UKI"
"HA8","UKI71","UKI7","UKI"
"HA9","UKI72","UKI7","UKI"
"HD1","UKE44","UKE4","UKE"
"HD2","UKE44","UKE4","UKE"
"HD3","UKE44","UKE4","UKE"
"HD4","UKE44","UKE4","UKE"
"HD5","UKE44","UKE4","UKE"
"HD6","UKE44","UKE4","UKE"
"HD7","UKE44","UKE4","UKE"
"HD8","UKE44","UKE4","UKE"
"HD9","UKE44","UKE4","UKE"
"HG1","UKE22","UKE2","UKE"
"HG2","UKE22","UKE2","UKE"
"HG3","UKE22","UKE2","UKE"
"HG4","UKE22","UKE2","UKE"
"HG5","UKE22","UKE2","UKE"
"HP1","UKH23","UKH2","UKH"
"HP10","UKJ13","UKJ1","UKJ"
"HP11","UKJ13","UKJ1","UKJ"
"HP12","UKJ13","UKJ1","UKJ"
"HP13","UKJ13","UKJ1","UKJ"
"HP14","UKJ13","UKJ1","UKJ"
"HP15","UKJ13","UKJ1","UKJ"
"HP16","UKJ13","UKJ1","UKJ"
"HP17","UKJ13","UKJ1","UKJ"
"HP18","UKJ13","UKJ1","UKJ"
"HP19","UKJ13","UKJ1","UKJ"
"HP2","UKH23","UKH2","UKH"
"HP20","UKJ13","UKJ1","UKJ"
"HP21","UKJ13","UKJ1","UKJ"
"HP22","UKJ13","UKJ1","UKJ"
"HP23","UKH23","UKH2","UKH"
"HP27","UKJ13","UKJ1","UKJ"
"HP3","UKH23","UKH2","UKH"
"HP4","UKH23","UKH2","UKH"
"HP5","UKJ13","UKJ1","UKJ"
"HP6","UKJ13","UKJ1","UKJ"
"HP7","UKJ13","UKJ1","UKJ"
"HP8","UKJ13","UKJ1","UKJ"
"HP9","UKJ13","UKJ1","UKJ"
"HR1","UKG11","UKG1","UKG"
"HR2","UKG11","UKG1","UKG"
"HR3","UKG11","UKG1","UKG"
"HR4","UKG11","UKG1","UKG"
"HR5","UKG11","UKG1","UKG"
"HR6","UKG11","UKG1","UKG"
"HR7","UKG11","UKG1","UKG"
"HR8","UKG11","UKG1","UKG"
"HR9","UKG11","UKG1","UKG"
"HS1","UKM64","UKM6","UKM"
"HS2","UKM64","UKM6","UKM"
"HS3","UKM64","UKM6","UKM"
"HS4","UKM64","UKM6","UKM"
"HS5","UKM64","UKM6","UKM"
"HS6","UKM64","UKM6","UKM"
"HS7","UKM64","UKM6","UKM"
"HS8","UKM64","UKM6","UKM"
"HS9","UKM64","UKM6","UKM"
"HU1","UKE11","UKE1","UKE"
"HU10","UKE12","UKE1","UKE"
"HU11","UKE12","UKE1","UKE"
"HU12","UKE12","UKE1","UKE"
"HU13","UKE12","UKE1","UKE"
"HU14","UKE12","UKE1","UKE"
"HU15","UKE12","UKE1","UKE"
"HU16","UKE12","UKE1","UKE"
"HU17","UKE12","UKE1","UKE"
"HU18","UKE12","UKE1","UKE"
"HU19","UKE12","UKE1","UKE"
"HU2","UKE11","UKE1","UKE"
"HU20","UKE12","UKE1","UKE"
"HU3","UKE11","UKE1","UKE"
"HU4","UKE11","UKE1","UKE"
"HU5","UKE11","UKE1","UKE"
"HU6","UKE11","UKE1","UKE"
"HU7","UKE11","UKE1","UKE"
"HU8","UKE11","UKE1","UKE"
"HU9","UKE11","UKE1","UKE"
"HX1","UKE44","UKE4","UKE"
"HX2","UKE44","UKE4","UKE"
"HX3","UKE44","UKE4","UKE"
"HX4","UKE44","UKE4","UKE"
"HX5","UKE44","UKE4","UKE"
"HX6","UKE44","UKE4","UKE"
"HX7","UKE44","UKE4","UKE"
"IG1","UKI53","UKI5","UKI"
"IG10","UKH35","UKH3","UKH"
"IG11","UKI52","UKI5","UKI"
"IG2","UKI53","UKI5","UKI"
"IG3","UKI53","UKI5","UKI"
"IG4","UKI53","UKI5","UKI"
"IG5","UKI53","UKI5","UKI"
"IG6","UKI53","UKI5","UKI"
"IG7","UKI53","UKI5","UKI"
"IG8","UKI53","UKI5","UKI"
"IG9","UKI53","UKI5","UKI"
"IP1","UKH14","UKH1","UKH"
"IP10","UKH14","UKH1","UKH"
"IP11","UKH14","UKH1","UKH"
"IP12","UKH14","UKH1","UKH"
"IP13","UKH14","UKH1","UKH"
"IP14","UKH14","UKH1","UKH"
"IP15","UKH14","UKH1","UKH"
"IP16","UKH14","UKH1","UKH"
"IP17","UKH14","UKH1","UKH"
"IP18","UKH14","UKH1","UKH"
"IP19","UKH14","UKH1","UKH"
"IP2","UKH14","UKH1","UKH"
"IP20","UKH14","UKH1","UKH"
"IP21","UKH14","UKH1","UKH"
"IP22","UKH14","UKH1","UKH"
"IP23","UKH14","UKH1","UKH"
"IP24","UKH17","UKH1","UKH"
"IP25","UKH17","UKH1","UKH"
"IP26","UKH17","UKH1","UKH"
"IP27","UKH14","UKH1","UKH"
"IP28","UKH14","UKH1","UKH"
"IP29","UKH14","UKH1","UKH"
"IP3","UKH14","UKH1","UKH"
"IP30","UKH14","UKH1","UKH"
"IP31","UKH14","UKH1","UKH"
"IP32","UKH14","UKH1","UKH"
"IP33","UKH14","UKH1","UKH"
"IP4","UKH14","UKH1","UKH"
"IP5","UKH14","UKH1","UKH"
"IP6","UKH14","UKH1","UKH"
"IP7","UKH14","UKH1","UKH"
"IP8","UKH14","UKH1","UKH"
"IP9","UKH14","UKH1","UKH"
"IP98","UKH17","UKH1","UKH"
"IV1","UKM61","UKM6","UKM"
"IV10","UKM61","UKM6","UKM"
"IV11","UKM61","UKM6","UKM"
"IV12","UKM62","UKM6","UKM"
"IV13","UKM62","UKM6","UKM"
"IV14","UKM61","UKM6","UKM"
"IV15","UKM61","UKM6","UKM"
"IV16","UKM61","UKM6","UKM"
"IV17","UKM61","UKM6","UKM"
"IV18","UKM61","UKM6","UKM"
"IV19","UKM61","UKM6","UKM"
"IV2","UKM62","UKM6","UKM"
"IV20","UKM61","UKM6","UKM"
"IV21","UKM61","UKM6","UKM"
"IV22","UKM61","UKM6","UKM"
"IV23","UKM61","UKM6","UKM"
"IV24","UKM61","UKM6","UKM"
"IV25","UKM61","UKM6","UKM"
"IV26","UKM61","UKM6","UKM"
"IV27","UKM61","UKM6","UKM"
"IV28","UKM61","UKM6","UKM"
"IV3","UKM62","UKM6","UKM"
"IV30","UKM62","UKM6","UKM"
"IV31","UKM62","UKM6","UKM"
"IV32","UKM62","UKM6","UKM"
"IV36","UKM62","UKM6","UKM"
"IV4","UKM62","UKM6","UKM"
"IV40","UKM63","UKM6","UKM"
"IV41","UKM63","UKM6","UKM"
"IV42","UKM63","UKM6","UKM"
"IV43","UKM63","UKM6","UKM"
"IV44","UKM63","UKM6","UKM"
"IV45","UKM63","UKM6","UKM"
"IV46","UKM63","UKM6","UKM"
"IV47","UKM63","UKM6","UKM"
"IV48","UKM63","UKM6","UKM"
"IV49","UKM63","UKM6","UKM"
"IV5","UKM62","UKM6","UKM"
"IV51","UKM63","UKM6","UKM"
"IV52","UKM61","UKM6","UKM"
"IV53","UKM61","UKM6","UKM"
"IV54","UKM61","UKM6","UKM"
"IV55","UKM63","UKM6","UKM"
"IV56","UKM63","UKM6","UKM"
"IV6","UKM61","UKM6","UKM"
"IV63","UKM62","UKM6","UKM"
"IV7","UKM61","UKM6","UKM"
"IV8","UKM61","UKM6","UKM"
"IV9","UKM61","UKM6","UKM"
"IV99","UKM62","UKM6","UKM"
"KA1","UKM33","UKM3","UKM"
"KA10","UKM37","UKM3","UKM"
"KA11","UKM33","UKM3","UKM"
"KA12","UKM33","UKM3","UKM"
"KA13","UKM33","UKM3","UKM"
"KA14","UKM33","UKM3","UKM"
"KA15","UKM33","UKM3","UKM"
"KA16","UKM33","UKM3","UKM"
"KA17","UKM33","UKM3","UKM"
"KA18","UKM33","UKM3","UKM"
"KA19","UKM37","UKM3","UKM"
"KA2","UKM33","UKM3","UKM"
"KA20","UKM33","UKM3","UKM"
"KA21","UKM33","UKM3","UKM"
"KA22","UKM33","UKM3","UKM"
"KA23","UKM33","UKM3","UKM"
"KA24","UKM33","UKM3","UKM"
"KA25","UKM33","UKM3","UKM"
"KA26","UKM37","UKM3","UKM"
"KA27","UKM33","UKM3","UKM"
"KA28","UKM33","UKM3","UKM"
"KA29","UKM33","UKM3","UKM"
"KA3","UKM33","UKM3","UKM"
"KA30","UKM33","UKM3","UKM"
"KA4","UKM33","UKM3","UKM"
"KA5","UKM33","UKM3","UKM"
"KA6","UKM33","UKM3","UKM"
"KA7","UKM37","UKM3","UKM"
"KA8","UKM37","UKM3","UKM"
"KA9","UKM37","UKM3","UKM"
"KT1","UKI63","UKI6","UKI"
"KT10","UKJ25","UKJ2","UKJ"
"KT11","UKJ25","UKJ2","UKJ"
"KT12","UKJ25","UKJ2","UKJ"
"KT13","UKJ25","UKJ2","UKJ"
"KT14","UKJ25","UKJ2","UKJ"
"KT15","UKJ25","UKJ2","UKJ"
"KT16","UKJ25","UKJ2","UKJ"
"KT17","UKJ26","UKJ2","UKJ"
"KT18","UKJ26","UKJ2","UKJ"
"KT19","UKJ26","UKJ2","UKJ"
"KT2","UKI63","UKI6","UKI"
"KT20","UKJ26","UKJ2","UKJ"
"KT21","UKJ26","UKJ2","UKJ"
"KT22","UKJ26","UKJ2","UKJ"
"KT23","UKJ26","UKJ2","UKJ"
"KT24","UKJ25","UKJ2","UKJ"
"KT3","UKI63","UKI6","UKI"
"KT4","UKI63","UKI6","UKI"
"KT5","UKI63","UKI6","UKI"
"KT6","UKI63","UKI6","UKI"
"KT7","UKJ25","UKJ2","UKJ"
"KT8","UKI75","UKI7","UKI"
"KT9","UKI63","UKI6","UKI"
"KW1","UKM61","UKM6","UKM"
"KW10","UKM61","UKM6","UKM"
"KW11","UKM61","UKM6","UKM"
"KW12","UKM61","UKM6","UKM"
"KW13","UKM61","UKM6","UKM"
"KW14","UKM61","UKM6","UKM"
"KW15","UKM65","UKM6","UKM"
"KW16","UKM65","UKM6","UKM"
"KW17","UKM65","UKM6","UKM"
"KW2","UKM61","UKM6","UKM"
"KW3","UKM61","UKM6","UKM"
"KW5","UKM61","UKM6","UKM"
"KW6","UKM61","UKM6","UKM"
"KW7","UKM61","UKM6","UKM"
"KW8","UKM61","UKM6","UKM"
"KW9","UKM61","UKM6","UKM"
"KY1","UKM22","UKM2","UKM"
"KY10","UKM22","UKM2","UKM"
"KY11","UKM22","UKM2","UKM"
"KY12","UKM22","UKM2","UKM"
"KY13","UKM27","UKM2","UKM"
"KY14","UKM22","UKM2","UKM"
"KY15","UKM22","UKM2","UKM"
"KY16","UKM22","UKM2","UKM"
"KY2","UKM22","UKM2","UKM"
"KY3","UKM22","UKM2","UKM"
"KY4","UKM22","UKM2","UKM"
"KY5","UKM22","UKM2","UKM"
"KY6","UKM22","UKM2","UKM"
"KY7","UKM22","UKM2","UKM"
"KY8","UKM22","UKM2","UKM"
"KY9","UKM22","UKM2","UKM"
"KY99","UKM22","UKM2","UKM"
"L1","UKD72","UKD7","UKD"
"L10","UKD72","UKD7","UKD"
"L11","UKD72","UKD7","UKD"
"L12","UKD72","UKD7","UKD"
"L13","UKD72","UKD7","UKD"
"L14","UKD72","UKD7","UKD"
"L15","UKD72","UKD7","UKD"
"L16","UKD72","UKD7","UKD"
"L17","UKD72","UKD7","UKD"
"L18","UKD72","UKD7","UKD"
"L19","UKD72","UKD7","UKD"
"L2","UKD72","UKD7","UKD"
"L20","UKD73","UKD7","UKD"
"L21","UKD73","UKD7","UKD"
"L22","UKD73","UKD7","UKD"
"L23","UKD73","UKD7","UKD"
"L24","UKD72","UKD7","UKD"
"L25","UKD72","UKD7","UKD"
"L26","UKD71","UKD7","UKD"
"L27","UKD72","UKD7","UKD"
"L28","UKD71","UKD7","UKD"
"L29","UKD73","UKD7","UKD"
"L3","UKD72","UKD7","UKD"
"L30","UKD73","UKD7","UKD"
"L31","UKD73","UKD7","UKD"
"L32","UKD71","UKD7","UKD"
"L33","UKD71","UKD7","UKD"
"L34","UKD71","UKD7","UKD"
"L35","UKD71","UKD7","UKD"
"L36","UKD71","UKD7","UKD"
"L37","UKD73","UKD7","UKD"
"L38","UKD73","UKD7","UKD"
"L39","UKD47","UKD4","UKD"
"L4","UKD72","UKD7","UKD"
"L40","UKD47","UKD4","UKD"
"L5","UKD72","UKD7","UKD"
"L6","UKD72","UKD7","UKD"
"L67","UKD72","UKD7","UKD"
"L68","UKD73","UKD7","UKD"
"L69","UKD72","UKD7","UKD"
"L7","UKD72","UKD7","UKD"
"L70","UKD72","UKD7","UKD"
"L71","UKD73","UKD7","UKD"
"L72","UKD73","UKD7","UKD"
"L73","UKD72","UKD7","UKD"
"L74","UKD72","UKD7","UKD"
"L75","UKD73","UKD7","UKD"
"L8","UKD72","UKD7","UKD"
"L80","UKD73","UKD7","UKD"
"L9","UKD72","UKD7","UKD"
"LA1","UKD44","UKD4","UKD"
"LA10","UKD12","UKD1","UKD"
"LA11","UKD12","UKD1","UKD"
"LA12","UKD12","UKD1","UKD"
"LA13","UKD11","UKD1","UKD"
"LA14","UKD11","UKD1","UKD"
"LA15","UKD11","UKD1","UKD"
"LA16","UKD11","UKD1","UKD"
"LA17","UKD12","UKD1","UKD"
"LA18","UKD11","UKD1","UKD"
"LA19","UKD11","UKD1","UKD"
"LA2","UKD44","UKD4","UKD"
"LA20","UKD11","UKD1","UKD"
"LA21","UKD12","UKD1","UKD"
"LA22","UKD12","UKD1","UKD"
"LA23","UKD12","UKD1","UKD"
"LA3","UKD44","UKD4","UKD"
"LA4","UKD44","UKD4","UKD"
"LA5","UKD44","UKD4","UKD"
"LA6","UKD44","UKD4","UKD"
"LA7","UKD12","UKD1","UKD"
"LA8","UKD12","UKD1","UKD"
"LA9","UKD12","UKD1","UKD"
"LD1","UKL24","UKL2","UKL"
"LD2","UKL24","UKL2","UKL"
"LD3","UKL24","UKL2","UKL"
"LD4","UKL24","UKL2","UKL"
"LD5","UKL24","UKL2","UKL"
"LD6","UKL24","UKL2","UKL"
"LD7","UKG22","UKG2","UKG"
"LD8","UKG11","UKG1","UKG"
"LE1","UKF21","UKF2","UKF"
"LE10","UKF22","UKF2","UKF"
"LE11","UKF22","UKF2","UKF"
"LE12","UKF22","UKF2","UKF"
"LE13","UKF22","UKF2","UKF"
"LE14","UKF22","UKF2","UKF"
"LE15","UKF22","UKF2","UKF"
"LE16","UKF22","UKF2","UKF"
"LE17","UKF22","UKF2","UKF"
"LE18","UKF22","UKF2","UKF"
"LE19","UKF22","UKF2","UKF"
"LE2","UKF21","UKF2","UKF"
"LE21","UKF21","UKF2","UKF"
"LE3","UKF21","UKF2","UKF"
"LE4","UKF21","UKF2","UKF"
"LE41","UKF22","UKF2","UKF"
"LE5","UKF21","UKF2","UKF"
"LE55","UKF21","UKF2","UKF"
"LE6","UKF22","UKF2","UKF"
"LE65","UKF22","UKF2","UKF"
"LE67","UKF22","UKF2","UKF"
"LE7","UKF22","UKF2","UKF"
"LE8","UKF22","UKF2","UKF"
"LE87","UKF21","UKF2","UKF"
"LE9","UKF22","UKF2","UKF"
"LE94","UKF22","UKF2","UKF"
"LE95","UKF22","UKF2","UKF"
"LL11","UKL23","UKL2","UKL"
"LL12","UKL23","UKL2","UKL"
"LL13","UKL23","UKL2","UKL"
"LL14","UKL23","UKL2","UKL"
"LL15","UKL13","UKL1","UKL"
"LL16","UKL13","UKL1","UKL"
"LL17","UKL13","UKL1","UKL"
"LL18","UKL13","UKL1","UKL"
"LL19","UKL13","UKL1","UKL"
"LL20","UKL23","UKL2","UKL"
"LL21","UKL13","UKL1","UKL"
"LL22","UKL13","UKL1","UKL"
"LL23","UKL12","UKL1","UKL"
"LL24","UKL13","UKL1","UKL"
"LL25","UKL13","UKL1","UKL"
"LL26","UKL13","UKL1","UKL"
"LL27","UKL13","UKL1","UKL"
"LL28","UKL13","UKL1","UKL"
"LL29","UKL13","UKL1","UKL"
"LL30","UKL13","UKL1","UKL"
"LL31","UKL13","UKL1","UKL"
"LL32","UKL13","UKL1","UKL"
"LL33","UKL13","UKL1","UKL"
"LL34","UKL13","UKL1","UKL"
"LL35","UKL12","UKL1","UKL"
"LL36","UKL12","UKL1","UKL"
"LL37","UKL12","UKL1","UKL"
"LL38","UKL12","UKL1","UKL"
"LL39","UKL12","UKL1","UKL"
"LL40","UKL12","UKL1","UKL"
"LL41","UKL12","UKL1","UKL"
"LL42","UKL12","UKL1","UKL"
"LL43","UKL12","UKL1","UKL"
"LL44","UKL12","UKL1","UKL"
"LL45","UKL12","UKL1","UKL"
"LL46","UKL12","UKL1","UKL"
"LL47","UKL12","UKL1","UKL"
"LL48","UKL12","UKL1","UKL"
"LL49","UKL12","UKL1","UKL"
"LL51","UKL12","UKL1","UKL"
"LL52","UKL12","UKL1","UKL"
"LL53","UKL12","UKL1","UKL"
"LL54","UKL12","UKL1","UKL"
"LL55","UKL12","UKL1","UKL"
"LL56","UKL12","UKL1","UKL"
"LL57","UKL12","UKL1","UKL"
"LL58","UKL11","UKL1","UKL"
"LL59","UKL11","UKL1","UKL"
"LL60","UKL11","UKL1","UKL"
"LL61","UKL11","UKL1","UKL"
"LL62","UKL11","UKL1","UKL"
"LL63","UKL11","UKL1","UKL"
"LL64","UKL11","UKL1","UKL"
"LL65","UKL11","UKL1","UKL"
"LL66","UKL11","UKL1","UKL"
"LL67","UKL11","UKL1","UKL"
"LL68","UKL11","UKL1","UKL"
"LL69","UKL11","UKL1","UKL"
"LL70","UKL11","UKL1","UKL"
"LL71","UKL11","UKL1","UKL"
"LL72","UKL11","UKL1","UKL"
"LL73","UKL11","UKL1","UKL"
"LL74","UKL11","UKL1","UKL"
"LL75","UKL11","UKL1","UKL"
"LL76","UKL11","UKL1","UKL"
"LL77","UKL11","UKL1","UKL"
"LL78","UKL11","UKL1","UKL"
"LN1","UKF30","UKF3","UKF"
"LN10","UKF30","UKF3","UKF"
"LN11","UKF30","UKF3","UKF"
"LN12","UKF30","UKF3","UKF"
"LN13","UKF30","UKF3","UKF"
"LN2","UKF30","UKF3","UKF"
"LN3","UKF30","UKF3","UKF"
"LN4","UKF30","UKF3","UKF"
"LN5","UKF30","UKF3","UKF"
"LN6","UKF30","UKF3","UKF"
"LN7","UKF30","UKF3","UKF"
"LN8","UKF30","UKF3","UKF"
"LN9","UKF30","UKF3","UKF"
"LS1","UKE42","UKE4","UKE"
"LS10","UKE42","UKE4","UKE"
"LS11","UKE42","UKE4","UKE"
"LS12","UKE42","UKE4","UKE"
"LS13","UKE42","UKE4","UKE"
"LS14","UKE42","UKE4","UKE"
"LS15","UKE42","UKE4","UKE"
"LS16","UKE42","UKE4","UKE"
"LS17","UKE42","UKE4","UKE"
"LS18","UKE42","UKE4","UKE"
"LS19","UKE42","UKE4","UKE"
"LS2","UKE42","UKE4","UKE"
"LS20","UKE42","UKE4","UKE"
"LS21","UKE42","UKE4","UKE"
"LS22","UKE42","UKE4","UKE"
"LS23","UKE42","UKE4","UKE"
"LS24","UKE42","UKE4","UKE"
"LS25","UKE42","UKE4","UKE"
"LS26","UKE42","UKE4","UKE"
"LS27","UKE42","UKE4","UKE"
"LS28","UKE42","UKE4","UKE"
"LS29","UKE41","UKE4","UKE"
"LS3","UKE42","UKE4","UKE"
"LS4","UKE42","UKE4","UKE"
"LS5","UKE42","UKE4","UKE"
"LS6","UKE42","UKE4","UKE"
"LS7","UKE42","UKE4","UKE"
"LS8","UKE42","UKE4","UKE"
"LS88","UKE42","UKE4","UKE"
"LS9","UKE42","UKE4","UKE"
"LS98","UKE42","UKE4","UKE"
"LS99","UKE42","UKE4","UKE"
"LU1","UKH21","UKH2","UKH"
"LU2","UKH21","UKH2","UKH"
"LU3","UKH21","UKH2","UKH"
"LU4","UKH21","UKH2","UKH"
"LU5","UKH25","UKH2","UKH"
"LU6","UKH25","UKH2","UKH"
"LU7","UKJ13","UKJ1","UKJ"
"M1","UKD33","UKD3","UKD"
"M11","UKD33","UKD3","UKD"
"M12","UKD33","UKD3","UKD"
"M13","UKD33","UKD3","UKD"
"M14","UKD33","UKD3","UKD"
"M15","UKD33","UKD3","UKD"
"M16","UKD33","UKD3","UKD"
"M17","UKD34","UKD3","UKD"
"M18","UKD33","UKD3","UKD"
"M19","UKD33","UKD3","UKD"
"M2","UKD33","UKD3","UKD"
"M20","UKD33","UKD3","UKD"
"M21","UKD33","UKD3","UKD"
"M22","UKD33","UKD3","UKD"
"M23","UKD33","UKD3","UKD"
"M24","UKD37","UKD3","UKD"
"M25","UKD37","UKD3","UKD"
"M26","UKD37","UKD3","UKD"
"M27","UKD34","UKD3","UKD"
"M28","UKD34","UKD3","UKD"
"M29","UKD36","UKD3","UKD"
"M3","UKD33","UKD3","UKD"
"M30","UKD34","UKD3","UKD"
"M31","UKD34","UKD3","UKD"
"M32","UKD34","UKD3","UKD"
"M33","UKD34","UKD3","UKD"
"M34","UKD35","UKD3","UKD"
"M35","UKD37","UKD3","UKD"
"M38","UKD34","UKD3","UKD"
"M4","UKD33","UKD3","UKD"
"M40","UKD33","UKD3","UKD"
"M41","UKD34","UKD3","UKD"
"M43","UKD35","UKD3","UKD"
"M44","UKD34","UKD3","UKD"
"M45","UKD37","UKD3","UKD"
"M46","UKD36","UKD3","UKD"
"M5","UKD34","UKD3","UKD"
"M50","UKD34","UKD3","UKD"
"M6","UKD34","UKD3","UKD"
"M60","UKD33","UKD3","UKD"
"M61","UKD33","UKD3","UKD"
"M7","UKD34","UKD3","UKD"
"M8","UKD33","UKD3","UKD"
"M9","UKD33","UKD3","UKD"
"M90","UKD33","UKD3","UKD"
"M99","UKD33","UKD3","UKD"
"ME1","UKJ41","UKJ4","UKJ"
"ME10","UKJ43","UKJ4","UKJ"
"ME11","UKJ43","UKJ4","UKJ"
"ME12","UKJ43","UKJ4","UKJ"
"ME13","UKJ43","UKJ4","UKJ"
"ME14","UKJ45","UKJ4","UKJ"
"ME15","UKJ45","UKJ4","UKJ"
"ME16","UKJ45","UKJ4","UKJ"
"ME17","UKJ45","UKJ4","UKJ"
"ME18","UKJ46","UKJ4","UKJ"
"ME19","UKJ46","UKJ4","UKJ"
"ME2","UKJ41","UKJ4","UKJ"
"ME20","UKJ46","UKJ4","UKJ"
"ME3","UKJ41","UKJ4","UKJ"
"ME4","UKJ41","UKJ4","UKJ"
"ME5","UKJ41","UKJ4","UKJ"
"ME6","UKJ46","UKJ4","UKJ"
"ME7","UKJ41","UKJ4","UKJ"
"ME8","UKJ41","UKJ4","UKJ"
"ME9","UKJ43","UKJ4","UKJ"
"ME99","UKJ45","UKJ4","UKJ"
"MK1","UKJ12","UKJ1","UKJ"
"MK10","UKJ12","UKJ1","UKJ"
"MK11","UKJ12","UKJ1","UKJ"
"MK12","UKJ12","UKJ1","UKJ"
"MK13","UKJ12","UKJ1","UKJ"
"MK14","UKJ12","UKJ1","UKJ"
"MK15","UKJ12","UKJ1","UKJ"
"MK16","UKJ12","UKJ1","UKJ"
"MK17","UKJ13","UKJ1","UKJ"
"MK18","UKJ13","UKJ1","UKJ"
"MK19","UKJ12","UKJ1","UKJ"
"MK2","UKJ12","UKJ1","UKJ"
"MK3","UKJ12","UKJ1","UKJ"
"MK4","UKJ12","UKJ1","UKJ"
"MK40","UKH24","UKH2","UKH"
"MK41","UKH24","UKH2","UKH"
"MK42","UKH24","UKH2","UKH"
"MK43","UKH24","UKH2","UKH"
"MK44","UKH24","UKH2","UKH"
"MK45","UKH25","UKH2","UKH"
"MK46","UKJ12","UKJ1","UKJ"
"MK5","UKJ12","UKJ1","UKJ"
"MK6","UKJ12","UKJ1","UKJ"
"MK7","UKJ12","UKJ1","UKJ"
"MK77","UKJ12","UKJ1","UKJ"
"MK8","UKJ12","UKJ1","UKJ"
"MK9","UKJ12","UKJ1","UKJ"
"ML1","UKM36","UKM3","UKM"
"ML10","UKM38","UKM3","UKM"
"ML11","UKM38","UKM3","UKM"
"ML12","UKM38","UKM3","UKM"
"ML2","UKM36","UKM3","UKM"
"ML3","UKM38","UKM3","UKM"
"ML4","UKM36","UKM3","UKM"
"ML5","UKM36","UKM3","UKM"
"ML6","UKM36","UKM3","UKM"
"ML7","UKM36","UKM3","UKM"
"ML8","UKM38","UKM3","UKM"
"ML9","UKM38","UKM3","UKM"
"N1","UKI43","UKI4","UKI"
"N10","UKI43","UKI4","UKI"
"N11","UKI43","UKI4","UKI"
"N12","UKI71","UKI7","UKI"
"N13","UKI54","UKI5","UKI"
"N14","UKI54","UKI5","UKI"
"N15","UKI43","UKI4","UKI"
"N16","UKI41","UKI4","UKI"
"N17","UKI43","UKI4","UKI"
"N18","UKI54","UKI5","UKI"
"N19","UKI43","UKI4","UKI"
"N1C","UKI31","UKI3","UKI"
"N1P","UKI43","UKI4","UKI"
"N2","UKI71","UKI7","UKI"
"N20","UKI71","UKI7","UKI"
"N21","UKI54","UKI5","UKI"
"N22","UKI43","UKI4","UKI"
"N3","UKI71","UKI7","UKI"
"N4","UKI43","UKI4","UKI"
"N5","UKI43","UKI4","UKI"
"N6","UKI43","UKI4","UKI"
"N7","UKI43","UKI4","UKI"
"N8","UKI43","UKI4","UKI"
"N81","UKI43","UKI4","UKI"
"N9","UKI54","UKI5","UKI"
"NE1","UKC22","UKC2","UKC"
"NE10","UKC22","UKC2","UKC"
"NE11","UKC22","UKC2","UKC"
"NE12","UKC22","UKC2","UKC"
"NE13","UKC22","UKC2","UKC"
"NE15","UKC22","UKC2","UKC"
"NE16","UKC22","UKC2","UKC"
"NE17","UKC22","UKC2","UKC"
"NE18","UKC21","UKC2","UKC"
"NE19","UKC21","UKC2","UKC"
"NE2","UKC22","UKC2","UKC"
"NE20","UKC21","UKC2","UKC"
"NE21","UKC22","UKC2","UKC"
"NE22","UKC21","UKC2","UKC"
"NE23","UKC22","UKC2","UKC"
"NE24","UKC21","UKC2","UKC"
"NE25","UKC22","UKC2","UKC"
"NE26","UKC22","UKC2","UKC"
"NE27","UKC22","UKC2","UKC"
"NE28","UKC22","UKC2","UKC"
"NE29","UKC22","UKC2","UKC"
"NE3","UKC22","UKC2","UKC"
"NE30","UKC22","UKC2","UKC"
"NE31","UKC22","UKC2","UKC"
"NE32","UKC22","UKC2","UKC"
"NE33","UKC22","UKC2","UKC"
"NE34","UKC22","UKC2","UKC"
"NE35","UKC22","UKC2","UKC"
"NE36","UKC22","UKC2","UKC"
"NE37","UKC23","UKC2","UKC"
"NE38","UKC23","UKC2","UKC"
"NE39","UKC22","UKC2","UKC"
"NE4","UKC22","UKC2","UKC"
"NE40","UKC22","UKC2","UKC"
"NE41","UKC22","UKC2","UKC"
"NE42","UKC22","UKC2","UKC"
"NE43","UKC21","UKC2","UKC"
"NE44","UKC21","UKC2","UKC"
"NE45","UKC21","UKC2","UKC"
"NE46","UKC21","UKC2","UKC"
"NE47","UKC21","UKC2","UKC"
"NE48","UKC21","UKC2","UKC"
"NE49","UKC21","UKC2","UKC"
"NE5","UKC22","UKC2","UKC"
"NE6","UKC22","UKC2","UKC"
"NE61","UKC21","UKC2","UKC"
"NE62","UKC21","UKC2","UKC"
"NE63","UKC21","UKC2","UKC"
"NE64","UKC21","UKC2","UKC"
"NE65","UKC21","UKC2","UKC"
"NE66","UKC21","UKC2","UKC"
"NE67","UKC21","UKC2","UKC"
"NE68","UKC21","UKC2","UKC"
"NE69","UKC21","UKC2","UKC"
"NE7","UKC22","UKC2","UKC"
"NE70","UKC21","UKC2","UKC"
"NE71","UKC21","UKC2","UKC"
"NE8","UKC22","UKC2","UKC"
"NE82","UKC22","UKC2","UKC"
"NE83","UKC22","UKC2","UKC"
"NE85","UKC23","UKC2","UKC"
"NE88","UKC22","UKC2","UKC"
"NE9","UKC22","UKC2","UKC"
"NE92","UKC22","UKC2","UKC"
"NE98","UKC22","UKC2","UKC"
"NE99","UKC22","UKC2","UKC"
"NG1","UKF14","UKF1","UKF"
"NG10","UKF13","UKF1","UKF"
"NG11","UKF14","UKF1","UKF"
"NG12","UKF16","UKF1","UKF"
"NG13","UKF16","UKF1","UKF"
"NG14","UKF16","UKF1","UKF"
"NG15","UKF16","UKF1","UKF"
"NG16","UKF16","UKF1","UKF"
"NG17","UKF15","UKF1","UKF"
"NG18","UKF15","UKF1","UKF"
"NG19","UKF15","UKF1","UKF"
"NG2","UKF14","UKF1","UKF"
"NG20","UKF15","UKF1","UKF"
"NG21","UKF15","UKF1","UKF"
"NG22","UKF15","UKF1","UKF"
"NG23","UKF15","UKF1","UKF"
"NG24","UKF15","UKF1","UKF"
"NG25","UKF15","UKF1","UKF"
"NG3","UKF14","UKF1","UKF"
"NG31","UKF30","UKF3","UKF"
"NG32","UKF30","UKF3","UKF"
"NG33","UKF30","UKF3","UKF"
"NG34","UKF30","UKF3","UKF"
"NG4","UKF16","UKF1","UKF"
"NG5","UKF14","UKF1","UKF"
"NG6","UKF14","UKF1","UKF"
"NG7","UKF14","UKF1","UKF"
"NG70","UKF15","UKF1","UKF"
"NG8","UKF14","UKF1","UKF"
"NG80","UKF14","UKF1","UKF"
"NG9","UKF16","UKF1","UKF"
"NG90","UKF14","UKF1","UKF"
"NN1","UKF24","UKF2","UKF"
"NN10","UKF25","UKF2","UKF"
"NN11","UKF24","UKF2","UKF"
"NN12","UKF24","UKF2","UKF"
"NN13","UKF24","UKF2","UKF"
"NN14","UKF25","UKF2","UKF"
"NN15","UKF25","UKF2","UKF"
"NN16","UKF25","UKF2","UKF"
"NN17","UKF25","UKF2","UKF"
"NN18","UKF25","UKF2","UKF"
"NN2","UKF24","UKF2","UKF"
"NN29","UKF25","UKF2","UKF"
"NN3","UKF24","UKF2","UKF"
"NN4","UKF24","UKF2","UKF"
"NN5","UKF24","UKF2","UKF"
"NN6","UKF24","UKF2","UKF"
"NN7","UKF24","UKF2","UKF"
"NN8","UKF25","UKF2","UKF"
"NN9","UKF25","UKF2","UKF"
"NP10","UKL21","UKL2","UKL"
"NP11","UKL16","UKL1","UKL"
"NP12","UKL16","UKL1","UKL"
"NP13","UKL16","UKL1","UKL"
"NP15","UKL21","UKL2","UKL"
"NP16","UKL21","UKL2","UKL"
"NP18","UKL21","UKL2","UKL"
"NP19","UKL21","UKL2","UKL"
"NP20","UKL21","UKL2","UKL"
"NP22","UKL16","UKL1","UKL"
"NP23","UKL16","UKL1","UKL"
"NP24","UKL16","UKL1","UKL"
"NP25","UKL21","UKL2","UKL"
"NP26","UKL21","UKL2","UKL"
"NP4","UKL16","UKL1","UKL"
"NP44","UKL16","UKL1","UKL"
"NP7","UKL21","UKL2","UKL"
"NP8","UKL24","UKL2","UKL"
"NR1","UKH15","UKH1","UKH"
"NR10","UKH15","UKH1","UKH"
"NR11","UKH15","UKH1","UKH"
"NR12","UKH15","UKH1","UKH"
"NR13","UKH15","UKH1","UKH"
"NR14","UKH17","UKH1","UKH"
"NR15","UKH17","UKH1","UKH"
"NR16","UKH17","UKH1","UKH"
"NR17","UKH17","UKH1","UKH"
"NR18","UKH17","UKH1","UKH"
"NR19","UKH17","UKH1","UKH"
"NR2","UKH15","UKH1","UKH"
"NR20","UKH17","UKH1","UKH"
"NR21","UKH16","UKH1","UKH"
"NR22","UKH16","UKH1","UKH"
"NR23","UKH16","UKH1","UKH"
"NR24","UKH16","UKH1","UKH"
"NR25","UKH16","UKH1","UKH"
"NR26","UKH16","UKH1","UKH"
"NR27","UKH16","UKH1","UKH"
"NR28","UKH16","UKH1","UKH"
"NR29","UKH15","UKH1","UKH"
"NR3","UKH15","UKH1","UKH"
"NR30","UKH15","UKH1","UKH"
"NR31","UKH15","UKH1","UKH"
"NR32","UKH14","UKH1","UKH"
"NR33","UKH14","UKH1","UKH"
"NR34","UKH14","UKH1","UKH"
"NR35","UKH17","UKH1","UKH"
"NR4","UKH15","UKH1","UKH"
"NR5","UKH15","UKH1","UKH"
"NR6","UKH15","UKH1","UKH"
"NR7","UKH15","UKH1","UKH"
"NR8","UKH15","UKH1","UKH"
"NR9","UKH15","UKH1","UKH"
"NR99","UKH15","UKH1","UKH"
"NW1","UKI31","UKI3","UKI"
"NW10","UKI72","UKI7","UKI"
"NW11","UKI71","UKI7","UKI"
"NW1W","UKI31","UKI3","UKI"
"NW2","UKI72","UKI7","UKI"
"NW26","UKI72","UKI7","UKI"
"NW3","UKI31","UKI3","UKI"
"NW4","UKI71","UKI7","UKI"
"NW5","UKI31","UKI3","UKI"
"NW6","UKI31","UKI3","UKI"
"NW7","UKI71","UKI7","UKI"
"NW8","UKI32","UKI3","UKI"
"NW9","UKI72","UKI7","UKI"
"OL1","UKD37","UKD3","UKD"
"OL10","UKD37","UKD3","UKD"
"OL11","UKD37","UKD3","UKD"
"OL12","UKD37","UKD3","UKD"
"OL13","UKD46","UKD4","UKD"
"OL14","UKE44","UKE4","UKE"
"OL15","UKD37","UKD3","UKD"
"OL16","UKD37","UKD3","UKD"
"OL2","UKD37","UKD3","UKD"
"OL3","UKD37","UKD3","UKD"
"OL4","UKD37","UKD3","UKD"
"OL5","UKD35","UKD3","UKD"
"OL6","UKD35","UKD3","UKD"
"OL7","UKD35","UKD3","UKD"
"OL8","UKD37","UKD3","UKD"
"OL9","UKD37","UKD3","UKD"
"OL95","UKD37","UKD3","UKD"
"OX1","UKJ14","UKJ1","UKJ"
"OX10","UKJ14","UKJ1","UKJ"
"OX11","UKJ14","UKJ1","UKJ"
"OX12","UKJ14","UKJ1","UKJ"
"OX13","UKJ14","UKJ1","UKJ"
"OX14","UKJ14","UKJ1","UKJ"
"OX15","UKJ14","UKJ1","UKJ"
"OX16","UKJ14","UKJ1","UKJ"
"OX17","UKF24","UKF2","UKF"
"OX18","UKJ14","UKJ1","UKJ"
"OX2","UKJ14","UKJ1","UKJ"
"OX20","UKJ14","UKJ1","UKJ"
"OX25","UKJ14","UKJ1","UKJ"
"OX26","UKJ14","UKJ1","UKJ"
"OX27","UKJ14","UKJ1","UKJ"
"OX28","UKJ14","UKJ1","UKJ"
"OX29","UKJ14","UKJ1","UKJ"
"OX3","UKJ14","UKJ1","UKJ"
"OX33","UKJ14","UKJ1","UKJ"
"OX39","UKJ14","UKJ1","UKJ"
"OX4","UKJ14","UKJ1","UKJ"
"OX44","UKJ14","UKJ1","UKJ"
"OX49","UKJ14","UKJ1","UKJ"
"OX5","UKJ14","UKJ1","UKJ"
"OX7","UKJ14","UKJ1","UKJ"
"PA1","UKM35","UKM3","UKM"
"PA10","UKM35","UKM3","UKM"
"PA11","UKM35","UKM3","UKM"
"PA12","UKM35","UKM3","UKM"
"PA13","UKM35","UKM3","UKM"
"PA14","UKM35","UKM3","UKM"
"PA15","UKM35","UKM3","UKM"
"PA16","UKM35","UKM3","UKM"
"PA17","UKM33","UKM3","UKM"
"PA18","UKM35","UKM3","UKM"
"PA19","UKM35","UKM3","UKM"
"PA2","UKM35","UKM3","UKM"
"PA20","UKM63","UKM6","UKM"
"PA21","UKM63","UKM6","UKM"
"PA22","UKM63","UKM6","UKM"
"PA23","UKM63","UKM6","UKM"
"PA24","UKM63","UKM6","UKM"
"PA25","UKM63","UKM6","UKM"
"PA26","UKM63","UKM6","UKM"
"PA27","UKM63","UKM6","UKM"
"PA28","UKM63","UKM6","UKM"
"PA29","UKM63","UKM6","UKM"
"PA3","UKM35","UKM3","UKM"
"PA30","UKM63","UKM6","UKM"
"PA31","UKM63","UKM6","UKM"
"PA32","UKM63","UKM6","UKM"
"PA33","UKM63","UKM6","UKM"
"PA34","UKM63","UKM6","UKM"
"PA35","UKM63","UKM6","UKM"
"PA36","UKM63","UKM6","UKM"
"PA37","UKM63","UKM6","UKM"
"PA38","UKM63","UKM6","UKM"
"PA4","UKM35","UKM3","UKM"
"PA41","UKM63","UKM6","UKM"
"PA42","UKM63","UKM6","UKM"
"PA43","UKM63","UKM6","UKM"
"PA44","UKM63","UKM6","UKM"
"PA45","UKM63","UKM6","UKM"
"PA46","UKM63","UKM6","UKM"
"PA47","UKM63","UKM6","UKM"
"PA48","UKM63","UKM6","UKM"
"PA49","UKM63","UKM6","UKM"
"PA5","UKM35","UKM3","UKM"
"PA6","UKM35","UKM3","UKM"
"PA60","UKM63","UKM6","UKM"
"PA61","UKM63","UKM6","UKM"
"PA62","UKM63","UKM6","UKM"
"PA63","UKM63","UKM6","UKM"
"PA64","UKM63","UKM6","UKM"
"PA65","UKM63","UKM6","UKM"
"PA66","UKM63","UKM6","UKM"
"PA67","UKM63","UKM6","UKM"
"PA68","UKM63","UKM6","UKM"
"PA69","UKM63","UKM6","UKM"
"PA7","UKM35","UKM3","UKM"
"PA70","UKM63","UKM6","UKM"
"PA71","UKM63","UKM6","UKM"
"PA72","UKM63","UKM6","UKM"
"PA73","UKM63","UKM6","UKM"
"PA74","UKM63","UKM6","UKM"
"PA75","UKM63","UKM6","UKM"
"PA76","UKM63","UKM6","UKM"
"PA77","UKM63","UKM6","UKM"
"PA78","UKM63","UKM6","UKM"
"PA8","UKM35","UKM3","UKM"
"PA80","UKM63","UKM6","UKM"
"PA9","UKM35","UKM3","UKM"
"PE1","UKH11","UKH1","UKH"
"PE10","UKF30","UKF3","UKF"
"PE11","UKF30","UKF3","UKF"
"PE12","UKF30","UKF3","UKF"
"PE13","UKH12","UKH1","UKH"
"PE14","UKH16","UKH1","UKH"
"PE15","UKH12","UKH1","UKH"
"PE16","UKH12","UKH1","UKH"
"PE19","UKH12","UKH1","UKH"
"PE2","UKH11","UKH1","UKH"
"PE20","UKF30","UKF3","UKF"
"PE21","UKF30","UKF3","UKF"
"PE22","UKF30","UKF3","UKF"
"PE23","UKF30","UKF3","UKF"
"PE24","UKF30","UKF3","UKF"
"PE25","UKF30","UKF3","UKF"
"PE26","UKH12","UKH1","UKH"
"PE27","UKH12","UKH1","UKH"
"PE28","UKH12","UKH1","UKH"
"PE29","UKH12","UKH1","UKH"
"PE3","UKH11","UKH1","UKH"
"PE30","UKH16","UKH1","UKH"
"PE31","UKH16","UKH1","UKH"
"PE32","UKH16","UKH1","UKH"
"PE33","UKH16","UKH1","UKH"
"PE34","UKH16","UKH1","UKH"
"PE35","UKH16","UKH1","UKH"
"PE36","UKH16","UKH1","UKH"
"PE37","UKH17","UKH1","UKH"
"PE38","UKH16","UKH1","UKH"
"PE4","UKH11","UKH1","UKH"
"PE5","UKH11","UKH1","UKH"
"PE6","UKH11","UKH1","UKH"
"PE7","UKH12","UKH1","UKH"
"PE8","UKF25","UKF2","UKF"
"PE9","UKF22","UKF2","UKF"
"PH1","UKM27","UKM2","UKM"
"PH10","UKM27","UKM2","UKM"
"PH11","UKM21","UKM2","UKM"
"PH12","UKM21","UKM2","UKM"
"PH13","UKM27","UKM2","UKM"
"PH14","UKM27","UKM2","UKM"
"PH15","UKM27","UKM2","UKM"
"PH16","UKM27","UKM2","UKM"
"PH17","UKM27","UKM2","UKM"
"PH18","UKM27","UKM2","UKM"
"PH19","UKM62","UKM6","UKM"
"PH2","UKM27","UKM2","UKM"
"PH20","UKM62","UKM6","UKM"
"PH21","UKM62","UKM6","UKM"
"PH22","UKM62","UKM6","UKM"
"PH23","UKM62","UKM6","UKM"
"PH24","UKM62","UKM6","UKM"
"PH25","UKM62","UKM6","UKM"
"PH26","UKM62","UKM6","UKM"
"PH3","UKM27","UKM2","UKM"
"PH30","UKM63","UKM6","UKM"
"PH31","UKM63","UKM6","UKM"
"PH32","UKM62","UKM6","UKM"
"PH33","UKM63","UKM6","UKM"
"PH34","UKM63","UKM6","UKM"
"PH35","UKM63","UKM6","UKM"
"PH36","UKM63","UKM6","UKM"
"PH37","UKM63","UKM6","UKM"
"PH38","UKM63","UKM6","UKM"
"PH39","UKM63","UKM6","UKM"
"PH4","UKM27","UKM2","UKM"
"PH40","UKM63","UKM6","UKM"
"PH41","UKM63","UKM6","UKM"
"PH42","UKM63","UKM6","UKM"
"PH43","UKM63","UKM6","UKM"
"PH44","UKM63","UKM6","UKM"
"PH49","UKM63","UKM6","UKM"
"PH5","UKM27","UKM2","UKM"
"PH50","UKM63","UKM6","UKM"
"PH6","UKM27","UKM2","UKM"
"PH7","UKM27","UKM2","UKM"
"PH8","UKM27","UKM2","UKM"
"PH9","UKM27","UKM2","UKM"
"PL1","UKK41","UKK4","UKK"
"PL10","UKK30","UKK3","UKK"
"PL11","UKK30","UKK3","UKK"
"PL12","UKK30","UKK3","UKK"
"PL13","UKK30","UKK3","UKK"
"PL14","UKK30","UKK3","UKK"
"PL15","UKK30","UKK3","UKK"
"PL16","UKK43","UKK4","UKK"
"PL17","UKK30","UKK3","UKK"
"PL18","UKK30","UKK3","UKK"
"PL19","UKK43","UKK4","UKK"
"PL2","UKK41","UKK4","UKK"
"PL20","UKK43","UKK4","UKK"
"PL21","UKK43","UKK4","UKK"
"PL22","UKK30","UKK3","UKK"
"PL23","UKK30","UKK3","UKK"
"PL24","UKK30","UKK3","UKK"
"PL25","UKK30","UKK3","UKK"
"PL26","UKK30","UKK3","UKK"
"PL27","UKK30","UKK3","UKK"
"PL28","UKK30","UKK3","UKK"
"PL29","UKK30","UKK3","UKK"
"PL3","UKK41","UKK4","UKK"
"PL30","UKK30","UKK3","UKK"
"PL31","UKK30","UKK3","UKK"
"PL32","UKK30","UKK3","UKK"
"PL33","UKK30","UKK3","UKK"
"PL34","UKK30","UKK3","UKK"
"PL35","UKK30","UKK3","UKK"
"PL4","UKK41","UKK4","UKK"
"PL5","UKK41","UKK4","UKK"
"PL6","UKK41","UKK4","UKK"
"PL7","UKK41","UKK4","UKK"
"PL8","UKK43","UKK4","UKK"
"PL9","UKK41","UKK4","UKK"
"PL95","UKK41","UKK4","UKK"
"PO1","UKJ31","UKJ3","UKJ"
"PO10","UKJ35","UKJ3","UKJ"
"PO11","UKJ35","UKJ3","UKJ"
"PO12","UKJ35","UKJ3","UKJ"
"PO13","UKJ35","UKJ3","UKJ"
"PO14","UKJ35","UKJ3","UKJ"
"PO15","UKJ35","UKJ3","UKJ"
"PO16","UKJ35","UKJ3","UKJ"
"PO17","UKJ35","UKJ3","UKJ"
"PO18","UKJ27","UKJ2","UKJ"
"PO19","UKJ27","UKJ2","UKJ"
"PO2","UKJ31","UKJ3","UKJ"
"PO20","UKJ27","UKJ2","UKJ"
"PO21","UKJ27","UKJ2","UKJ"
"PO22","UKJ27","UKJ2","UKJ"
"PO3","UKJ31","UKJ3","UKJ"
"PO30","UKJ34","UKJ3","UKJ"
"PO31","UKJ34","UKJ3","UKJ"
"PO32","UKJ34","UKJ3","UKJ"
"PO33","UKJ34","UKJ3","UKJ"
"PO34","UKJ34","UKJ3","UKJ"
"PO35","UKJ34","UKJ3","UKJ"
"PO36","UKJ34","UKJ3","UKJ"
"PO37","UKJ34","UKJ3","UKJ"
"PO38","UKJ34","UKJ3","UKJ"
"PO39","UKJ34","UKJ3","UKJ"
"PO4","UKJ31","UKJ3","UKJ"
"PO40","UKJ34","UKJ3","UKJ"
"PO41","UKJ34","UKJ3","UKJ"
"PO5","UKJ31","UKJ3","UKJ"
"PO6","UKJ31","UKJ3","UKJ"
"PO7","UKJ35","UKJ3","UKJ"
"PO8","UKJ36","UKJ3","UKJ"
"PO9","UKJ35","UKJ3","UKJ"
"PR0","UKD45","UKD4","UKD"
"PR1","UKD45","UKD4","UKD"
"PR11","UKD45","UKD4","UKD"
"PR2","UKD45","UKD4","UKD"
"PR25","UKD45","UKD4","UKD"
"PR26","UKD47","UKD4","UKD"
"PR3","UKD44","UKD4","UKD"
"PR4","UKD45","UKD4","UKD"
"PR5","UKD45","UKD4","UKD"
"PR6","UKD47","UKD4","UKD"
"PR7","UKD47","UKD4","UKD"
"PR8","UKD73","UKD7","UKD"
"PR9","UKD73","UKD7","UKD"
"RG1","UKJ11","UKJ1","UKJ"
"RG10","UKJ11","UKJ1","UKJ"
"RG12","UKJ11","UKJ1","UKJ"
"RG14","UKJ11","UKJ1","UKJ"
"RG17","UKJ11","UKJ1","UKJ"
"RG18","UKJ11","UKJ1","UKJ"
"RG19","UKJ11","UKJ1","UKJ"
"RG2","UKJ11","UKJ1","UKJ"
"RG20","UKJ11","UKJ1","UKJ"
"RG21","UKJ37","UKJ3","UKJ"
"RG22","UKJ37","UKJ3","UKJ"
"RG23","UKJ37","UKJ3","UKJ"
"RG24","UKJ37","UKJ3","UKJ"
"RG25","UKJ37","UKJ3","UKJ"
"RG26","UKJ37","UKJ3","UKJ"
"RG27","UKJ37","UKJ3","UKJ"
"RG28","UKJ37","UKJ3","UKJ"
"RG29","UKJ37","UKJ3","UKJ"
"RG30","UKJ11","UKJ1","UKJ"
"RG31","UKJ11","UKJ1","UKJ"
"RG4","UKJ14","UKJ1","UKJ"
"RG40","UKJ11","UKJ1","UKJ"
"RG41","UKJ11","UKJ1","UKJ"
"RG42","UKJ11","UKJ1","UKJ"
"RG45","UKJ11","UKJ1","UKJ"
"RG5","UKJ11","UKJ1","UKJ"
"RG6","UKJ11","UKJ1","UKJ"
"RG7","UKJ11","UKJ1","UKJ"
"RG8","UKJ11","UKJ1","UKJ"
"RG9","UKJ14","UKJ1","UKJ"
"RH1","UKJ26","UKJ2","UKJ"
"RH10","UKJ28","UKJ2","UKJ"
"RH11","UKJ28","UKJ2","UKJ"
"RH12","UKJ28","UKJ2","UKJ"
"RH13","UKJ28","UKJ2","UKJ"
"RH14","UKJ27","UKJ2","UKJ"
"RH15","UKJ28","UKJ2","UKJ"
"RH16","UKJ28","UKJ2","UKJ"
"RH17","UKJ28","UKJ2","UKJ"
"RH18","UKJ22","UKJ2","UKJ"
"RH19","UKJ28","UKJ2","UKJ"
"RH2","UKJ26","UKJ2","UKJ"
"RH20","UKJ28","UKJ2","UKJ"
"RH3","UKJ26","UKJ2","UKJ"
"RH4","UKJ26","UKJ2","UKJ"
"RH5","UKJ26","UKJ2","UKJ"
"RH6","UKJ26","UKJ2","UKJ"
"RH7","UKJ26","UKJ2","UKJ"
"RH77","UKJ28","UKJ2","UKJ"
"RH8","UKJ26","UKJ2","UKJ"
"RH9","UKJ26","UKJ2","UKJ"
"RM1","UKI52","UKI5","UKI"
"RM10","UKI52","UKI5","UKI"
"RM11","UKI52","UKI5","UKI"
"RM12","UKI52","UKI5","UKI"
"RM13","UKI52","UKI5","UKI"
"RM14","UKI52","UKI5","UKI"
"RM15","UKH32","UKH3","UKH"
"RM16","UKH32","UKH3","UKH"
"RM17","UKH32","UKH3","UKH"
"RM18","UKH32","UKH3","UKH"
"RM19","UKH32","UKH3","UKH"
"RM2","UKI52","UKI5","UKI"
"RM20","UKH32","UKH3","UKH"
"RM3","UKI52","UKI5","UKI"
"RM4","UKI52","UKI5","UKI"
"RM5","UKI52","UKI5","UKI"
"RM6","UKI53","UKI5","UKI"
"RM7","UKI52","UKI5","UKI"
"RM8","UKI52","UKI5","UKI"
"RM9","UKI52","UKI5","UKI"
"S1","UKE32","UKE3","UKE"
"S10","UKE32","UKE3","UKE"
"S11","UKE32","UKE3","UKE"
"S12","UKE32","UKE3","UKE"
"S13","UKE32","UKE3","UKE"
"S14","UKE32","UKE3","UKE"
"S17","UKE32","UKE3","UKE"
"S18","UKF12","UKF1","UKF"
"S2","UKE32","UKE3","UKE"
"S20","UKE32","UKE3","UKE"
"S21","UKF12","UKF1","UKF"
"S25","UKE31","UKE3","UKE"
"S26","UKE31","UKE3","UKE"
"S3","UKE32","UKE3","UKE"
"S32","UKF13","UKF1","UKF"
"S33","UKF13","UKF1","UKF"
"S35","UKE32","UKE3","UKE"
"S36","UKE32","UKE3","UKE"
"S4","UKE32","UKE3","UKE"
"S40","UKF12","UKF1","UKF"
"S41","UKF12","UKF1","UKF"
"S42","UKF12","UKF1","UKF"
"S43","UKF12","UKF1","UKF"
"S44","UKF12","UKF1","UKF"
"S45","UKF12","UKF1","UKF"
"S49","UKF12","UKF1","UKF"
"S5","UKE32","UKE3","UKE"
"S6","UKE32","UKE3","UKE"
"S60","UKE31","UKE3","UKE"
"S61","UKE31","UKE3","UKE"
"S62","UKE31","UKE3","UKE"
"S63","UKE31","UKE3","UKE"
"S64","UKE31","UKE3","UKE"
"S65","UKE31","UKE3","UKE"
"S66","UKE31","UKE3","UKE"
"S7","UKE32","UKE3","UKE"
"S70","UKE31","UKE3","UKE"
"S71","UKE31","UKE3","UKE"
"S72","UKE31","UKE3","UKE"
"S73","UKE31","UKE3","UKE"
"S74","UKE31","UKE3","UKE"
"S75","UKE31","UKE3","UKE"
"S8","UKE32","UKE3","UKE"
"S80","UKF15","UKF1","UKF"
"S81","UKF15","UKF1","UKF"
"S9","UKE32","UKE3","UKE"
"S95","UKE31","UKE3","UKE"
"S96","UKE32","UKE3","UKE"
"S97","UKE31","UKE3","UKE"
"S98","UKE32","UKE3","UKE"
"S99","UKE32","UKE3","UKE"
"SA1","UKL18","UKL1","UKL"
"SA10","UKL17","UKL1","UKL"
"SA11","UKL17","UKL1","UKL"
"SA12","UKL17","UKL1","UKL"
"SA13","UKL17","UKL1","UKL"
"SA14","UKL14","UKL1","UKL"
"SA15","UKL14","UKL1","UKL"
"SA16","UKL14","UKL1","UKL"
"SA17","UKL14","UKL1","UKL"
"SA18","UKL14","UKL1","UKL"
"SA19","UKL14","UKL1","UKL"
"SA2","UKL18","UKL1","UKL"
"SA20","UKL14","UKL1","UKL"
"SA3","UKL18","UKL1","UKL"
"SA31","UKL14","UKL1","UKL"
"SA32","UKL14","UKL1","UKL"
"SA33","UKL14","UKL1","UKL"
"SA34","UKL14","UKL1","UKL"
"SA35","UKL14","UKL1","UKL"
"SA36","UKL14","UKL1","UKL"
"SA37","UKL14","UKL1","UKL"
"SA38","UKL14","UKL1","UKL"
"SA39","UKL14","UKL1","UKL"
"SA4","UKL18","UKL1","UKL"
"SA40","UKL14","UKL1","UKL"
"SA41","UKL14","UKL1","UKL"
"SA42","UKL14","UKL1","UKL"
"SA43","UKL14","UKL1","UKL"
"SA44","UKL14","UKL1","UKL"
"SA45","UKL14","UKL1","UKL"
"SA46","UKL14","UKL1","UKL"
"SA47","UKL14","UKL1","UKL"
"SA48","UKL14","UKL1","UKL"
"SA5","UKL18","UKL1","UKL"
"SA6","UKL18","UKL1","UKL"
"SA61","UKL14","UKL1","UKL"
"SA62","UKL14","UKL1","UKL"
"SA63","UKL14","UKL1","UKL"
"SA64","UKL14","UKL1","UKL"
"SA65","UKL14","UKL1","UKL"
"SA66","UKL14","UKL1","UKL"
"SA67","UKL14","UKL1","UKL"
"SA68","UKL14","UKL1","UKL"
"SA69","UKL14","UKL1","UKL"
"SA7","UKL18","UKL1","UKL"
"SA70","UKL14","UKL1","UKL"
"SA71","UKL14","UKL1","UKL"
"SA72","UKL14","UKL1","UKL"
"SA73","UKL14","UKL1","UKL"
"SA8","UKL17","UKL1","UKL"
"SA80","UKL18","UKL1","UKL"
"SA9","UKL17","UKL1","UKL"
"SA99","UKL18","UKL1","UKL"
"SE1","UKI44","UKI4","UKI"
"SE10","UKI51","UKI5","UKI"
"SE11","UKI45","UKI4","UKI"
"SE12","UKI44","UKI4","UKI"
"SE13","UKI44","UKI4","UKI"
"SE14","UKI44","UKI4","UKI"
"SE15","UKI44","UKI4","UKI"
"SE16","UKI44","UKI4","UKI"
"SE17","UKI44","UKI4","UKI"
"SE18","UKI51","UKI5","UKI"
"SE19","UKI62","UKI6","UKI"
"SE1P","UKI44","UKI4","UKI"
"SE2","UKI51","UKI5","UKI"
"SE20","UKI61","UKI6","UKI"
"SE21","UKI44","UKI4","UKI"
"SE22","UKI44","UKI4","UKI"
"SE23","UKI44","UKI4","UKI"
"SE24","UKI45","UKI4","UKI"
"SE25","UKI62","UKI6","UKI"
"SE26","UKI44","UKI4","UKI"
"SE27","UKI45","UKI4","UKI"
"SE28","UKI51","UKI5","UKI"
"SE3","UKI51","UKI5","UKI"
"SE4","UKI44","UKI4","UKI"
"SE5","UKI44","UKI4","UKI"
"SE6","UKI44","UKI4","UKI"
"SE7","UKI51","UKI5","UKI"
"SE8","UKI44","UKI4","UKI"
"SE9","UKI51","UKI5","UKI"
"SG1","UKH23","UKH2","UKH"
"SG10","UKH23","UKH2","UKH"
"SG11","UKH23","UKH2","UKH"
"SG12","UKH23","UKH2","UKH"
"SG13","UKH23","UKH2","UKH"
"SG14","UKH23","UKH2","UKH"
"SG15","UKH25","UKH2","UKH"
"SG16","UKH25","UKH2","UKH"
"SG17","UKH25","UKH2","UKH"
"SG18","UKH25","UKH2","UKH"
"SG19","UKH25","UKH2","UKH"
"SG2","UKH23","UKH2","UKH"
"SG3","UKH23","UKH2","UKH"
"SG4","UKH23","UKH2","UKH"
"SG5","UKH23","UKH2","UKH"
"SG6","UKH23","UKH2","UKH"
"SG7","UKH23","UKH2","UKH"
"SG8","UKH23","UKH2","UKH"
"SG9","UKH23","UKH2","UKH"
"SK1","UKD35","UKD3","UKD"
"SK10","UKD62","UKD6","UKD"
"SK11","UKD62","UKD6","UKD"
"SK12","UKD62","UKD6","UKD"
"SK13","UKF13","UKF1","UKF"
"SK14","UKD35","UKD3","UKD"
"SK15","UKD35","UKD3","UKD"
"SK16","UKD35","UKD3","UKD"
"SK17","UKF13","UKF1","UKF"
"SK2","UKD35","UKD3","UKD"
"SK22","UKF13","UKF1","UKF"
"SK23","UKF13","UKF1","UKF"
"SK3","UKD35","UKD3","UKD"
"SK4","UKD35","UKD3","UKD"
"SK5","UKD35","UKD3","UKD"
"SK6","UKD35","UKD3","UKD"
"SK7","UKD35","UKD3","UKD"
"SK8","UKD35","UKD3","UKD"
"SK9","UKD62","UKD6","UKD"
"SL0","UKJ13","UKJ1","UKJ"
"SL1","UKJ11","UKJ1","UKJ"
"SL2","UKJ13","UKJ1","UKJ"
"SL3","UKJ11","UKJ1","UKJ"
"SL4","UKJ11","UKJ1","UKJ"
"SL5","UKJ11","UKJ1","UKJ"
"SL6","UKJ11","UKJ1","UKJ"
"SL60","UKJ11","UKJ1","UKJ"
"SL7","UKJ13","UKJ1","UKJ"
"SL8","UKJ13","UKJ1","UKJ"
"SL9","UKJ13","UKJ1","UKJ"
"SL95","UKJ11","UKJ1","UKJ"
"SM1","UKI63","UKI6","UKI"
"SM2","UKI63","UKI6","UKI"
"SM3","UKI63","UKI6","UKI"
"SM4","UKI63","UKI6","UKI"
"SM5","UKI63","UKI6","UKI"
"SM6","UKI63","UKI6","UKI"
"SM7","UKI63","UKI6","UKI"
"SN1","UKK14","UKK1","UKK"
"SN10","UKK15","UKK1","UKK"
"SN11","UKK15","UKK1","UKK"
"SN12","UKK15","UKK1","UKK"
"SN13","UKK15","UKK1","UKK"
"SN14","UKK12","UKK1","UKK"
"SN15","UKK15","UKK1","UKK"
"SN16","UKK15","UKK1","UKK"
"SN2","UKK14","UKK1","UKK"
"SN25","UKK14","UKK1","UKK"
"SN26","UKK14","UKK1","UKK"
"SN3","UKK14","UKK1","UKK"
"SN38","UKK14","UKK1","UKK"
"SN4","UKK14","UKK1","UKK"
"SN5","UKK14","UKK1","UKK"
"SN6","UKK14","UKK1","UKK"
"SN7","UKJ14","UKJ1","UKJ"
"SN8","UKK15","UKK1","UKK"
"SN9","UKK15","UKK1","UKK"
"SN99","UKK14","UKK1","UKK"
"SO14","UKJ32","UKJ3","UKJ"
"SO15","UKJ32","UKJ3","UKJ"
"SO16","UKJ32","UKJ3","UKJ"
"SO17","UKJ32","UKJ3","UKJ"
"SO18","UKJ32","UKJ3","UKJ"
"SO19","UKJ32","UKJ3","UKJ"
"SO20","UKJ36","UKJ3","UKJ"
"SO21","UKJ36","UKJ3","UKJ"
"SO22","UKJ36","UKJ3","UKJ"
"SO23","UKJ36","UKJ3","UKJ"
"SO24","UKJ36","UKJ3","UKJ"
"SO25","UKJ36","UKJ3","UKJ"
"SO30","UKJ35","UKJ3","UKJ"
"SO31","UKJ35","UKJ3","UKJ"
"SO32","UKJ36","UKJ3","UKJ"
"SO40","UKJ36","UKJ3","UKJ"
"SO41","UKJ36","UKJ3","UKJ"
"SO42","UKJ36","UKJ3","UKJ"
"SO43","UKJ36","UKJ3","UKJ"
"SO45","UKJ36","UKJ3","UKJ"
"SO50","UKJ35","UKJ3","UKJ"
"SO51","UKJ36","UKJ3","UKJ"
"SO52","UKJ36","UKJ3","UKJ"
"SO53","UKJ35","UKJ3","UKJ"
"SO97","UKJ35","UKJ3","UKJ"
"SP1","UKK15","UKK1","UKK"
"SP10","UKJ36","UKJ3","UKJ"
"SP11","UKJ36","UKJ3","UKJ"
"SP2","UKK15","UKK1","UKK"
"SP3","UKK15","UKK1","UKK"
"SP4","UKK15","UKK1","UKK"
"SP5","UKK15","UKK1","UKK"
"SP6","UKJ36","UKJ3","UKJ"
"SP7","UKK22","UKK2","UKK"
"SP8","UKK22","UKK2","UKK"
"SP9","UKK15","UKK1","UKK"
"SR1","UKC23","UKC2","UKC"
"SR2","UKC23","UKC2","UKC"
"SR3","UKC23","UKC2","UKC"
"SR4","UKC23","UKC2","UKC"
"SR5","UKC23","UKC2","UKC"
"SR6","UKC22","UKC2","UKC"
"SR7","UKC14","UKC1","UKC"
"SR8","UKC14","UKC1","UKC"
"SR9","UKC23","UKC2","UKC"
"SS0","UKH31","UKH3","UKH"
"SS1","UKH31","UKH3","UKH"
"SS11","UKH37","UKH3","UKH"
"SS12","UKH37","UKH3","UKH"
"SS13","UKH37","UKH3","UKH"
"SS14","UKH37","UKH3","UKH"
"SS15","UKH37","UKH3","UKH"
"SS16","UKH37","UKH3","UKH"
"SS17","UKH32","UKH3","UKH"
"SS2","UKH31","UKH3","UKH"
"SS22","UKH31","UKH3","UKH"
"SS3","UKH37","UKH3","UKH"
"SS4","UKH37","UKH3","UKH"
"SS5","UKH37","UKH3","UKH"
"SS6","UKH37","UKH3","UKH"
"SS7","UKH37","UKH3","UKH"
"SS8","UKH37","UKH3","UKH"
"SS9","UKH31","UKH3","UKH"
"SS99","UKH31","UKH3","UKH"
"ST1","UKG23","UKG2","UKG"
"ST10","UKG24","UKG2","UKG"
"ST11","UKG24","UKG2","UKG"
"ST12","UKG23","UKG2","UKG"
"ST13","UKG24","UKG2","UKG"
"ST14","UKG24","UKG2","UKG"
"ST15","UKG24","UKG2","UKG"
"ST16","UKG24","UKG2","UKG"
"ST17","UKG24","UKG2","UKG"
"ST18","UKG24","UKG2","UKG"
"ST19","UKG24","UKG2","UKG"
"ST2","UKG23","UKG2","UKG"
"ST20","UKG24","UKG2","UKG"
"ST21","UKG24","UKG2","UKG"
"ST3","UKG23","UKG2","UKG"
"ST4","UKG23","UKG2","UKG"
"ST5","UKG24","UKG2","UKG"
"ST55","UKG24","UKG2","UKG"
"ST6","UKG23","UKG2","UKG"
"ST7","UKG24","UKG2","UKG"
"ST8","UKG24","UKG2","UKG"
"ST9","UKG24","UKG2","UKG"
"SW10","UKI33","UKI3","UKI"
"SW11","UKI34","UKI3","UKI"
"SW12","UKI34","UKI3","UKI"
"SW13","UKI75","UKI7","UKI"
"SW14","UKI75","UKI7","UKI"
"SW15","UKI34","UKI3","UKI"
"SW16","UKI45","UKI4","UKI"
"SW17","UKI34","UKI3","UKI"
"SW18","UKI34","UKI3","UKI"
"SW19","UKI63","UKI6","UKI"
"SW1A","UKI32","UKI3","UKI"
"SW1E","UKI32","UKI3","UKI"
"SW1H","UKI32","UKI3","UKI"
"SW1P","UKI32","UKI3","UKI"
"SW1V","UKI32","UKI3","UKI"
"SW1W","UKI32","UKI3","UKI"
"SW1X","UKI32","UKI3","UKI"
"SW1Y","UKI32","UKI3","UKI"
"SW2","UKI45","UKI4","UKI"
"SW20","UKI63","UKI6","UKI"
"SW3","UKI33","UKI3","UKI"
"SW4","UKI45","UKI4","UKI"
"SW5","UKI33","UKI3","UKI"
"SW6","UKI33","UKI3","UKI"
"SW7","UKI33","UKI3","UKI"
"SW8","UKI45","UKI4","UKI"
"SW9","UKI45","UKI4","UKI"
"SW95","UKI34","UKI3","UKI"
"SY1","UKG22","UKG2","UKG"
"SY10","UKG22","UKG2","UKG"
"SY11","UKG22","UKG2","UKG"
"SY12","UKG22","UKG2","UKG"
"SY13","UKL23","UKL2","UKL"
"SY14","UKD63","UKD6","UKD"
"SY15","UKG22","UKG2","UKG"
"SY16","UKL24","UKL2","UKL"
"SY17","UKL24","UKL2","UKL"
"SY18","UKL24","UKL2","UKL"
"SY19","UKL24","UKL2","UKL"
"SY2","UKG22","UKG2","UKG"
"SY20","UKL12","UKL1","UKL"
"SY21","UKL24","UKL2","UKL"
"SY22","UKL24","UKL2","UKL"
"SY23","UKL14","UKL1","UKL"
"SY24","UKL14","UKL1","UKL"
"SY25","UKL14","UKL1","UKL"
"SY3","UKG22","UKG2","UKG"
"SY4","UKG22","UKG2","UKG"
"SY5","UKG22","UKG2","UKG"
"SY6","UKG22","UKG2","UKG"
"SY7","UKG22","UKG2","UKG"
"SY8","UKG22","UKG2","UKG"
"SY9","UKG22","UKG2","UKG"
"SY99","UKG22","UKG2","UKG"
"TA1","UKK23","UKK2","UKK"
"TA10","UKK23","UKK2","UKK"
"TA11","UKK23","UKK2","UKK"
"TA12","UKK23","UKK2","UKK"
"TA13","UKK23","UKK2","UKK"
"TA14","UKK23","UKK2","UKK"
"TA15","UKK23","UKK2","UKK"
"TA16","UKK23","UKK2","UKK"
"TA17","UKK23","UKK2","UKK"
"TA18","UKK23","UKK2","UKK"
"TA19","UKK23","UKK2","UKK"
"TA2","UKK23","UKK2","UKK"
"TA20","UKK23","UKK2","UKK"
"TA21","UKK23","UKK2","UKK"
"TA22","UKK23","UKK2","UKK"
"TA23","UKK23","UKK2","UKK"
"TA24","UKK23","UKK2","UKK"
"TA3","UKK23","UKK2","UKK"
"TA4","UKK23","UKK2","UKK"
"TA5","UKK23","UKK2","UKK"
"TA6","UKK23","UKK2","UKK"
"TA7","UKK23","UKK2","UKK"
"TA8","UKK23","UKK2","UKK"
"TA9","UKK23","UKK2","UKK"
"TD1","UKM24","UKM2","UKM"
"TD10","UKM24","UKM2","UKM"
"TD11","UKM23","UKM2","UKM"
"TD12","UKC21","UKC2","UKC"
"TD13","UKM23","UKM2","UKM"
"TD14","UKM24","UKM2","UKM"
"TD15","UKC21","UKC2","UKC"
"TD2","UKM24","UKM2","UKM"
"TD3","UKM24","UKM2","UKM"
"TD4","UKM24","UKM2","UKM"
"TD5","UKM24","UKM2","UKM"
"TD6","UKM24","UKM2","UKM"
"TD7","UKM24","UKM2","UKM"
"TD8","UKM24","UKM2","UKM"
"TD9","UKM24","UKM2","UKM"
"TF1","UKG21","UKG2","UKG"
"TF10","UKG21","UKG2","UKG"
"TF11","UKG22","UKG2","UKG"
"TF12","UKG22","UKG2","UKG"
"TF13","UKG22","UKG2","UKG"
"TF2","UKG21","UKG2","UKG"
"TF3","UKG21","UKG2","UKG"
"TF4","UKG21","UKG2","UKG"
"TF5","UKG21","UKG2","UKG"
"TF6","UKG21","UKG2","UKG"
"TF7","UKG21","UKG2","UKG"
"TF8","UKG21","UKG2","UKG"
"TF9","UKG22","UKG2","UKG"
"TN1","UKJ46","UKJ4","UKJ"
"TN10","UKJ46","UKJ4","UKJ"
"TN11","UKJ46","UKJ4","UKJ"
"TN12","UKJ46","UKJ4","UKJ"
"TN13","UKJ46","UKJ4","UKJ"
"TN14","UKJ46","UKJ4","UKJ"
"TN15","UKJ46","UKJ4","UKJ"
"TN16","UKI61","UKI6","UKI"
"TN17","UKJ46","UKJ4","UKJ"
"TN18","UKJ46","UKJ4","UKJ"
"TN19","UKJ22","UKJ2","UKJ"
"TN2","UKJ46","UKJ4","UKJ"
"TN20","UKJ22","UKJ2","UKJ"
"TN21","UKJ22","UKJ2","UKJ"
"TN22","UKJ22","UKJ2","UKJ"
"TN23","UKJ45","UKJ4","UKJ"
"TN24","UKJ45","UKJ4","UKJ"
"TN25","UKJ45","UKJ4","UKJ"
"TN26","UKJ45","UKJ4","UKJ"
"TN27","UKJ45","UKJ4","UKJ"
"TN28","UKJ44","UKJ4","UKJ"
"TN29","UKJ44","UKJ4","UKJ"
"TN3","UKJ46","UKJ4","UKJ"
"TN30","UKJ45","UKJ4","UKJ"
"TN31","UKJ22","UKJ2","UKJ"
"TN32","UKJ22","UKJ2","UKJ"
"TN33","UKJ22","UKJ2","UKJ"
"TN34","UKJ22","UKJ2","UKJ"
"TN35","UKJ22","UKJ2","UKJ"
"TN36","UKJ22","UKJ2","UKJ"
"TN37","UKJ22","UKJ2","UKJ"
"TN38","UKJ22","UKJ2","UKJ"
"TN39","UKJ22","UKJ2","UKJ"
"TN4","UKJ46","UKJ4","UKJ"
"TN40","UKJ22","UKJ2","UKJ"
"TN5","UKJ22","UKJ2","UKJ"
"TN6","UKJ22","UKJ2","UKJ"
"TN7","UKJ22","UKJ2","UKJ"
"TN8","UKJ46","UKJ4","UKJ"
"TN9","UKJ46","UKJ4","UKJ"
"TQ1","UKK42","UKK4","UKK"
"TQ10","UKK43","UKK4","UKK"
"TQ11","UKK43","UKK4","UKK"
"TQ12","UKK43","UKK4","UKK"
"TQ13","UKK43","UKK4","UKK"
"TQ14","UKK43","UKK4","UKK"
"TQ2","UKK42","UKK4","UKK"
"TQ3","UKK42","UKK4","UKK"
"TQ4","UKK42","UKK4","UKK"
"TQ5","UKK42","UKK4","UKK"
"TQ6","UKK43","UKK4","UKK"
"TQ7","UKK43","UKK4","UKK"
"TQ8","UKK43","UKK4","UKK"
"TQ9","UKK43","UKK4","UKK"
"TR1","UKK30","UKK3","UKK"
"TR10","UKK30","UKK3","UKK"
"TR11","UKK30","UKK3","UKK"
"TR12","UKK30","UKK3","UKK"
"TR13","UKK30","UKK3","UKK"
"TR14","UKK30","UKK3","UKK"
"TR15","UKK30","UKK3","UKK"
"TR16","UKK30","UKK3","UKK"
"TR17","UKK30","UKK3","UKK"
"TR18","UKK30","UKK3","UKK"
"TR19","UKK30","UKK3","UKK"
"TR2","UKK30","UKK3","UKK"
"TR20","UKK30","UKK3","UKK"
"TR21","UKK30","UKK3","UKK"
"TR22","UKK30","UKK3","UKK"
"TR23","UKK30","UKK3","UKK"
"TR24","UKK30","UKK3","UKK"
"TR25","UKK30","UKK3","UKK"
"TR26","UKK30","UKK3","UKK"
"TR27","UKK30","UKK3","UKK"
"TR3","UKK30","UKK3","UKK"
"TR4","UKK30","UKK3","UKK"
"TR5","UKK30","UKK3","UKK"
"TR6","UKK30","UKK3","UKK"
"TR7","UKK30","UKK3","UKK"
"TR8","UKK30","UKK3","UKK"
"TR9","UKK30","UKK3","UKK"
"TS1","UKC12","UKC1","UKC"
"TS10","UKC12","UKC1","UKC"
"TS11","UKC12","UKC1","UKC"
"TS12","UKC12","UKC1","UKC"
"TS13","UKC12","UKC1","UKC"
"TS14","UKC12","UKC1","UKC"
"TS15","UKC11","UKC1","UKC"
"TS16","UKC11","UKC1","UKC"
"TS17","UKC11","UKC1","UKC"
"TS18","UKC11","UKC1","UKC"
"TS19","UKC11","UKC1","UKC"
"TS2","UKC11","UKC1","UKC"
"TS20","UKC11","UKC1","UKC"
"TS21","UKC11","UKC1","UKC"
"TS22","UKC11","UKC1","UKC"
"TS23","UKC11","UKC1","UKC"
"TS24","UKC11","UKC1","UKC"
"TS25","UKC11","UKC1","UKC"
"TS26","UKC11","UKC1","UKC"
"TS27","UKC11","UKC1","UKC"
"TS28","UKC14","UKC1","UKC"
"TS29","UKC14","UKC1","UKC"
"TS3","UKC12","UKC1","UKC"
"TS4","UKC12","UKC1","UKC"
"TS5","UKC12","UKC1","UKC"
"TS6","UKC12","UKC1","UKC"
"TS7","UKC12","UKC1","UKC"
"TS8","UKC12","UKC1","UKC"
"TS9","UKE22","UKE2","UKE"
"TW1","UKI75","UKI7","UKI"
"TW10","UKI75","UKI7","UKI"
"TW11","UKI75","UKI7","UKI"
"TW12","UKI75","UKI7","UKI"
"TW13","UKI75","UKI7","UKI"
"TW14","UKI75","UKI7","UKI"
"TW15","UKJ25","UKJ2","UKJ"
"TW16","UKJ25","UKJ2","UKJ"
"TW17","UKJ25","UKJ2","UKJ"
"TW18","UKJ25","UKJ2","UKJ"
"TW19","UKJ25","UKJ2","UKJ"
"TW2","UKI75","UKI7","UKI"
"TW20","UKJ25","UKJ2","UKJ"
"TW3","UKI75","UKI7","UKI"
"TW4","UKI75","UKI7","UKI"
"TW5","UKI75","UKI7","UKI"
"TW6","UKI74","UKI7","UKI"
"TW7","UKI75","UKI7","UKI"
"TW8","UKI75","UKI7","UKI"
"TW9","UKI75","UKI7","UKI"
"UB1","UKI73","UKI7","UKI"
"UB10","UKI74","UKI7","UKI"
"UB11","UKI74","UKI7","UKI"
"UB18","UKI73","UKI7","UKI"
"UB2","UKI73","UKI7","UKI"
"UB3","UKI74","UKI7","UKI"
"UB4","UKI74","UKI7","UKI"
"UB5","UKI73","UKI7","UKI"
"UB6","UKI73","UKI7","UKI"
"UB7","UKI74","UKI7","UKI"
"UB8","UKI74","UKI7","UKI"
"UB9","UKI74","UKI7","UKI"
"W10","UKI33","UKI3","UKI"
"W11","UKI33","UKI3","UKI"
"W12","UKI33","UKI3","UKI"
"W13","UKI73","UKI7","UKI"
"W14","UKI33","UKI3","UKI"
"W1A","UKI32","UKI3","UKI"
"W1B","UKI32","UKI3","UKI"
"W1C","UKI32","UKI3","UKI"
"W1D","UKI32","UKI3","UKI"
"W1F","UKI32","UKI3","UKI"
"W1G","UKI32","UKI3","UKI"
"W1H","UKI32","UKI3","UKI"
"W1J","UKI32","UKI3","UKI"
"W1K","UKI32","UKI3","UKI"
"W1S","UKI32","UKI3","UKI"
"W1T","UKI31","UKI3","UKI"
"W1U","UKI32","UKI3","UKI"
"W1W","UKI32","UKI3","UKI"
"W2","UKI32","UKI3","UKI"
"W3","UKI73","UKI7","UKI"
"W4","UKI75","UKI7","UKI"
"W5","UKI73","UKI7","UKI"
"W6","UKI33","UKI3","UKI"
"W7","UKI73","UKI7","UKI"
"W8","UKI33","UKI3","UKI"
"W9","UKI32","UKI3","UKI"
"WA1","UKD61","UKD6","UKD"
"WA10","UKD71","UKD7","UKD"
"WA11","UKD71","UKD7","UKD"
"WA12","UKD71","UKD7","UKD"
"WA13","UKD61","UKD6","UKD"
"WA14","UKD34","UKD3","UKD"
"WA15","UKD34","UKD3","UKD"
"WA16","UKD62","UKD6","UKD"
"WA2","UKD61","UKD6","UKD"
"WA3","UKD61","UKD6","UKD"
"WA4","UKD61","UKD6","UKD"
"WA5","UKD61","UKD6","UKD"
"WA55","UKD61","UKD6","UKD"
"WA6","UKD63","UKD6","UKD"
"WA7","UKD71","UKD7","UKD"
"WA8","UKD71","UKD7","UKD"
"WA88","UKD71","UKD7","UKD"
"WA9","UKD71","UKD7","UKD"
"WC1A","UKI31","UKI3","UKI"
"WC1B","UKI31","UKI3","UKI"
"WC1E","UKI31","UKI3","UKI"
"WC1H","UKI31","UKI3","UKI"
"WC1N","UKI31","UKI3","UKI"
"WC1R","UKI31","UKI3","UKI"
"WC1V","UKI31","UKI3","UKI"
"WC1X","UKI31","UKI3","UKI"
"WC2A","UKI31","UKI3","UKI"
"WC2B","UKI31","UKI3","UKI"
"WC2E","UKI32","UKI3","UKI"
"WC2H","UKI32","UKI3","UKI"
"WC2N","UKI32","UKI3","UKI"
"WC2R","UKI32","UKI3","UKI"
"WD17","UKH23","UKH2","UKH"
"WD18","UKH23","UKH2","UKH"
"WD19","UKH23","UKH2","UKH"
"WD23","UKH23","UKH2","UKH"
"WD24","UKH23","UKH2","UKH"
"WD25","UKH23","UKH2","UKH"
"WD3","UKH23","UKH2","UKH"
"WD4","UKH23","UKH2","UKH"
"WD5","UKH23","UKH2","UKH"
"WD6","UKH23","UKH2","UKH"
"WD7","UKH23","UKH2","UKH"
"WD99","UKH23","UKH2","UKH"
"WF1","UKE45","UKE4","UKE"
"WF10","UKE45","UKE4","UKE"
"WF11","UKE45","UKE4","UKE"
"WF12","UKE44","UKE4","UKE"
"WF13","UKE44","UKE4","UKE"
"WF14","UKE44","UKE4","UKE"
"WF15","UKE44","UKE4","UKE"
"WF16","UKE44","UKE4","UKE"
"WF17","UKE44","UKE4","UKE"
"WF2","UKE45","UKE4","UKE"
"WF3","UKE42","UKE4","UKE"
"WF4","UKE45","UKE4","UKE"
"WF5","UKE45","UKE4","UKE"
"WF6","UKE45","UKE4","UKE"
"WF7","UKE45","UKE4","UKE"
"WF8","UKE45","UKE4","UKE"
"WF9","UKE45","UKE4","UKE"
"WF90","UKE45","UKE4","UKE"
"WN1","UKD36","UKD3","UKD"
"WN2","UKD36","UKD3","UKD"
"WN3","UKD36","UKD3","UKD"
"WN4","UKD36","UKD3","UKD"
"WN5","UKD36","UKD3","UKD"
"WN6","UKD36","UKD3","UKD"
"WN7","UKD36","UKD3","UKD"
"WN8","UKD47","UKD4","UKD"
"WR1","UKG12","UKG1","UKG"
"WR10","UKG12","UKG1","UKG"
"WR11","UKG12","UKG1","UKG"
"WR12","UKG12","UKG1","UKG"
"WR13","UKG12","UKG1","UKG"
"WR14","UKG12","UKG1","UKG"
"WR15","UKG12","UKG1","UKG"
"WR2","UKG12","UKG1","UKG"
"WR3","UKG12","UKG1","UKG"
"WR4","UKG12","UKG1","UKG"
"WR5","UKG12","UKG1","UKG"
"WR6","UKG12","UKG1","UKG"
"WR7","UKG12","UKG1","UKG"
"WR8","UKG12","UKG1","UKG"
"WR9","UKG12","UKG1","UKG"
"WR99","UKG12","UKG1","UKG"
"WS1","UKG38","UKG3","UKG"
"WS10","UKG37","UKG3","UKG"
"WS11","UKG24","UKG2","UKG"
"WS12","UKG24","UKG2","UKG"
"WS13","UKG24","UKG2","UKG"
"WS14","UKG24","UKG2","UKG"
"WS15","UKG24","UKG2","UKG"
"WS2","UKG38","UKG3","UKG"
"WS3","UKG38","UKG3","UKG"
"WS4","UKG38","UKG3","UKG"
"WS5","UKG38","UKG3","UKG"
"WS6","UKG24","UKG2","UKG"
"WS7","UKG24","UKG2","UKG"
"WS8","UKG38","UKG3","UKG"
"WS9","UKG38","UKG3","UKG"
"WV1","UKG39","UKG3","UKG"
"WV10","UKG39","UKG3","UKG"
"WV11","UKG39","UKG3","UKG"
"WV12","UKG38","UKG3","UKG"
"WV13","UKG38","UKG3","UKG"
"WV14","UKG39","UKG3","UKG"
"WV15","UKG22","UKG2","UKG"
"WV16","UKG22","UKG2","UKG"
"WV2","UKG39","UKG3","UKG"
"WV3","UKG39","UKG3","UKG"
"WV4","UKG39","UKG3","UKG"
"WV5","UKG24","UKG2","UKG"
"WV6","UKG39","UKG3","UKG"
"WV7","UKG22","UKG2","UKG"
"WV8","UKG24","UKG2","UKG"
"WV9","UKG39","UKG3","UKG"
"WV98","UKG12","UKG1","UKG"
"WV99","UKG21","UKG2","UKG"
"YO1","UKE21","UKE2","UKE"
"YO10","UKE21","UKE2","UKE"
"YO11","UKE22","UKE2","UKE"
"YO12","UKE22","UKE2","UKE"
"YO13","UKE22","UKE2","UKE"
"YO14","UKE22","UKE2","UKE"
"YO15","UKE12","UKE1","UKE"
"YO16","UKE12","UKE1","UKE"
"YO17","UKE22","UKE2","UKE"
"YO18","UKE22","UKE2","UKE"
"YO19","UKE21","UKE2","UKE"
"YO21","UKE22","UKE2","UKE"
"YO22","UKE22","UKE2","UKE"
"YO23","UKE21","UKE2","UKE"
"YO24","UKE21","UKE2","UKE"
"YO25","UKE12","UKE1","UKE"
"YO26","UKE21","UKE2","UKE"
"YO30","UKE21","UKE2","UKE"
"YO31","UKE21","UKE2","UKE"
"YO32","UKE21","UKE2","UKE"
"YO41","UKE21","UKE2","UKE"
"YO42","UKE12","UKE1","UKE"
"YO43","UKE12","UKE1","UKE"
"YO51","UKE22","UKE2","UKE"
"YO60","UKE22","UKE2","UKE"
"YO61","UKE22","UKE2","UKE"
"YO62","UKE22","UKE2","UKE"
"YO7","UKE22","UKE2","UKE"
"YO8","UKE22","UKE2","UKE"
"YO90","UKE21","UKE2","UKE"
"YO91","UKE21","UKE2","UKE"
"ZE1","UKM66","UKM6","UKM"
"ZE2","UKM66","UKM6","UKM"
"ZE3","UKM66","UKM6","UKM"
